#"INDEX","LOCATION","STATE","SEVERITY","NAME","DATE/TIME","USER","NOTES"
"1","NCC","None","Informational","Configuration changed","Thu 29-May-2014  15:32:26.3 (GMT-06:00)","Portal User","engPortalGenericKeyValue [1] set to: 
07de 051d 0f20 0100 2d06 00 "
"2","NCC","None","Informational","Configuration changed","Thu 29-May-2014  15:32:31.3 (GMT-06:00)","Portal User","Inactive switch"
"3","Slot 1","Raising","Major","Demodulator not locked","Sun 01-Jun-2014  14:05:15.4 (GMT-06:00)","SYS",""
"4","Slot 1","Clearing","Cleared","Demodulator not locked","Sun 01-Jun-2014  14:05:15.6 (GMT-06:00)","SYS",""
"5","Slot 1","Raising","Warning","10-6 BER threshold exceeded","Sun 01-Jun-2014  14:05:16.7 (GMT-06:00)","SYS",""
"6","Slot 1","Clearing","Cleared","10-6 BER threshold exceeded","Sun 01-Jun-2014  14:05:25.7 (GMT-06:00)","SYS",""
"7","Slot 1","Raising","Major","Demodulator not locked","Fri 06-Jun-2014  06:42:22.4 (GMT-06:00)","SYS",""
"8","Slot 1","Clearing","Cleared","Demodulator not locked","Fri 06-Jun-2014  06:42:22.6 (GMT-06:00)","SYS",""
"9","Slot 1","Raising","Critical","Traffic path down","Fri 06-Jun-2014  06:42:23.3 (GMT-06:00)","SYS",""
"10","NCC","None","Informational","Event Action created","Fri 06-Jun-2014  06:42:23.4 (GMT-06:00)","SYS","Relay Output 1 Action request sent to 127.0.0.1, Slot1"
"11","NCC","None","Informational","Event Action accepted","Fri 06-Jun-2014  06:42:23.5 (GMT-06:00)","SYS","Relay Output 1 Action request received from 127.0.0.1."
"12","Slot 1","Raising","Warning","10-6 BER threshold exceeded","Fri 06-Jun-2014  06:42:23.7 (GMT-06:00)","SYS",""
"13","Slot 1","Clearing","Cleared","Traffic path down","Fri 06-Jun-2014  06:42:24.3 (GMT-06:00)","SYS",""
"14","Slot 1","Clearing","Cleared","10-6 BER threshold exceeded","Fri 06-Jun-2014  06:42:32.7 (GMT-06:00)","SYS",""
"15","Slot 1","Raising","Major","Demodulator not locked","Sat 07-Jun-2014  10:10:22.7 (GMT-06:00)","SYS",""
"16","Slot 1","Raising","Critical","Traffic path down","Sat 07-Jun-2014  10:10:22.8 (GMT-06:00)","SYS",""
"17","Slot 1","Raising","Warning","10-3 BER threshold exceeded","Sat 07-Jun-2014  10:10:22.8 (GMT-06:00)","SYS",""
"18","Slot 1","Raising","Warning","10-6 BER threshold exceeded","Sat 07-Jun-2014  10:10:22.8 (GMT-06:00)","SYS",""
"19","NCC","None","Informational","Event Action created","Sat 07-Jun-2014  10:10:22.9 (GMT-06:00)","SYS","Relay Output 1 Action request sent to 127.0.0.1, Slot1"
"20","NCC","None","Informational","Event Action accepted","Sat 07-Jun-2014  10:10:22.9 (GMT-06:00)","SYS","Relay Output 1 Action request received from 127.0.0.1."
"21","Slot 1","Clearing","Cleared","Demodulator not locked","Sat 07-Jun-2014  10:10:23.1 (GMT-06:00)","SYS",""
"22","Slot 1","Clearing","Cleared","10-3 BER threshold exceeded","Sat 07-Jun-2014  10:10:24.7 (GMT-06:00)","SYS",""
"23","Slot 1","Clearing","Cleared","Traffic path down","Sat 07-Jun-2014  10:10:24.9 (GMT-06:00)","SYS",""
"24","Slot 1","Clearing","Cleared","10-6 BER threshold exceeded","Sat 07-Jun-2014  10:10:33.7 (GMT-06:00)","SYS",""
"25","Slot 1","Raising","Major","Demodulator not locked","Sun 08-Jun-2014  15:40:44.9 (GMT-06:00)","SYS",""
"26","Slot 1","Clearing","Cleared","Demodulator not locked","Sun 08-Jun-2014  15:40:45.4 (GMT-06:00)","SYS",""
"27","Slot 1","Raising","Critical","Traffic path down","Sun 08-Jun-2014  15:40:45.6 (GMT-06:00)","SYS",""
"28","NCC","None","Informational","Event Action created","Sun 08-Jun-2014  15:40:45.6 (GMT-06:00)","SYS","Relay Output 1 Action request sent to 127.0.0.1, Slot1"
"29","NCC","None","Informational","Event Action accepted","Sun 08-Jun-2014  15:40:45.7 (GMT-06:00)","SYS","Relay Output 1 Action request received from 127.0.0.1."
"30","Slot 1","Raising","Warning","10-6 BER threshold exceeded","Sun 08-Jun-2014  15:40:45.8 (GMT-06:00)","SYS",""
"31","Slot 1","Clearing","Cleared","Traffic path down","Sun 08-Jun-2014  15:40:46.6 (GMT-06:00)","SYS",""
"32","Slot 1","Clearing","Cleared","10-6 BER threshold exceeded","Sun 08-Jun-2014  15:40:54.7 (GMT-06:00)","SYS",""
"33","Slot 1","Raising","Warning","10-6 BER threshold exceeded","Mon 16-Jun-2014  12:35:38.8 (GMT-06:00)","SYS",""
"34","Slot 1","Clearing","Cleared","10-6 BER threshold exceeded","Mon 16-Jun-2014  12:35:47.8 (GMT-06:00)","SYS",""
"35","Slot 1","Raising","Major","Demodulator not locked","Wed 18-Jun-2014  14:09:49.6 (GMT-06:00)","SYS",""
"36","Slot 1","Clearing","Cleared","Demodulator not locked","Wed 18-Jun-2014  14:09:49.8 (GMT-06:00)","SYS",""
"37","Slot 1","Raising","Major","Demodulator not locked","Fri 20-Jun-2014  12:10:29.2 (GMT-06:00)","SYS",""
"38","Slot 1","Clearing","Cleared","Demodulator not locked","Fri 20-Jun-2014  12:10:29.4 (GMT-06:00)","SYS",""
"39","Slot 1","Raising","Major","Demodulator not locked","Thu 26-Jun-2014  12:39:50.6 (GMT-06:00)","SYS",""
"40","Slot 1","Raising","Critical","Traffic path down","Thu 26-Jun-2014  12:39:50.7 (GMT-06:00)","SYS",""
"41","Slot 1","Raising","Warning","10-3 BER threshold exceeded","Thu 26-Jun-2014  12:39:50.7 (GMT-06:00)","SYS",""
"42","Slot 1","Raising","Warning","10-6 BER threshold exceeded","Thu 26-Jun-2014  12:39:50.7 (GMT-06:00)","SYS",""
"43","Slot 1","Clearing","Cleared","Demodulator not locked","Thu 26-Jun-2014  12:39:50.8 (GMT-06:00)","SYS",""
"44","NCC","None","Informational","Event Action created","Thu 26-Jun-2014  12:39:50.8 (GMT-06:00)","SYS","Relay Output 1 Action request sent to 127.0.0.1, Slot1"
"45","NCC","None","Informational","Event Action accepted","Thu 26-Jun-2014  12:39:50.8 (GMT-06:00)","SYS","Relay Output 1 Action request received from 127.0.0.1."
"46","Slot 1","Clearing","Cleared","Traffic path down","Thu 26-Jun-2014  12:39:52.7 (GMT-06:00)","SYS",""
"47","Slot 1","Clearing","Cleared","10-3 BER threshold exceeded","Thu 26-Jun-2014  12:39:52.7 (GMT-06:00)","SYS",""
"48","Slot 1","Clearing","Cleared","10-6 BER threshold exceeded","Thu 26-Jun-2014  12:40:00.7 (GMT-06:00)","SYS",""
"49","Slot 1","Raising","Warning","10-6 BER threshold exceeded","Tue 08-Jul-2014  07:49:40.7 (GMT-06:00)","SYS",""
"50","Slot 1","Raising","Critical","Traffic path down","Tue 08-Jul-2014  07:49:40.7 (GMT-06:00)","SYS",""
"51","NCC","None","Informational","Event Action created","Tue 08-Jul-2014  07:49:40.8 (GMT-06:00)","SYS","Relay Output 1 Action request sent to 127.0.0.1, Slot1"
"52","NCC","None","Informational","Event Action accepted","Tue 08-Jul-2014  07:49:40.8 (GMT-06:00)","SYS","Relay Output 1 Action request received from 127.0.0.1."
"53","Slot 1","Clearing","Cleared","Traffic path down","Tue 08-Jul-2014  07:49:41.8 (GMT-06:00)","SYS",""
"54","Slot 1","Clearing","Cleared","10-6 BER threshold exceeded","Tue 08-Jul-2014  07:49:49.7 (GMT-06:00)","SYS",""
"55","Slot 1","Raising","Warning","10-6 BER threshold exceeded","Wed 16-Jul-2014  10:16:32.6 (GMT-06:00)","SYS",""
"56","Slot 1","Clearing","Cleared","10-6 BER threshold exceeded","Wed 16-Jul-2014  10:16:41.6 (GMT-06:00)","SYS",""
"57","Slot 1","Raising","Major","Demodulator not locked","Wed 16-Jul-2014  10:25:49.8 (GMT-06:00)","SYS",""
"58","Slot 1","Clearing","Cleared","Demodulator not locked","Wed 16-Jul-2014  10:25:50.2 (GMT-06:00)","SYS",""
"59","Slot 1","Raising","Critical","Traffic path down","Wed 16-Jul-2014  10:25:50.2 (GMT-06:00)","SYS",""
"60","NCC","None","Informational","Event Action created","Wed 16-Jul-2014  10:25:50.3 (GMT-06:00)","SYS","Relay Output 1 Action request sent to 127.0.0.1, Slot1"
"61","NCC","None","Informational","Event Action accepted","Wed 16-Jul-2014  10:25:50.3 (GMT-06:00)","SYS","Relay Output 1 Action request received from 127.0.0.1."
"62","Slot 1","Clearing","Cleared","Traffic path down","Wed 16-Jul-2014  10:25:51.3 (GMT-06:00)","SYS",""
"63","Slot 1","Raising","Warning","10-6 BER threshold exceeded","Wed 16-Jul-2014  10:25:51.6 (GMT-06:00)","SYS",""
"64","Slot 1","Clearing","Cleared","10-6 BER threshold exceeded","Wed 16-Jul-2014  10:26:00.6 (GMT-06:00)","SYS",""
"65","Slot 1","Raising","Major","Demodulator not locked","Fri 18-Jul-2014  16:16:23.6 (GMT-06:00)","SYS",""
"66","Slot 1","Clearing","Cleared","Demodulator not locked","Fri 18-Jul-2014  16:16:23.8 (GMT-06:00)","SYS",""
"67","Slot 1","Raising","Warning","10-6 BER threshold exceeded","Fri 18-Jul-2014  16:16:24.6 (GMT-06:00)","SYS",""
"68","Slot 1","Clearing","Cleared","10-6 BER threshold exceeded","Fri 18-Jul-2014  16:16:33.6 (GMT-06:00)","SYS",""
"69","Slot 1","Raising","Warning","10-6 BER threshold exceeded","Fri 18-Jul-2014  16:23:10.6 (GMT-06:00)","SYS",""
"70","Slot 1","Clearing","Cleared","10-6 BER threshold exceeded","Fri 18-Jul-2014  16:23:19.6 (GMT-06:00)","SYS",""
"71","Slot 1","Raising","Major","Demodulator not locked","Sun 20-Jul-2014  10:16:24.3 (GMT-06:00)","SYS",""
"72","Slot 1","Raising","Critical","Traffic path down","Sun 20-Jul-2014  10:16:24.4 (GMT-06:00)","SYS",""
"73","Slot 1","Clearing","Cleared","Demodulator not locked","Sun 20-Jul-2014  10:16:24.5 (GMT-06:00)","SYS",""
"74","NCC","None","Informational","Event Action created","Sun 20-Jul-2014  10:16:24.5 (GMT-06:00)","SYS","Relay Output 1 Action request sent to 127.0.0.1, Slot1"
"75","NCC","None","Informational","Event Action accepted","Sun 20-Jul-2014  10:16:24.5 (GMT-06:00)","SYS","Relay Output 1 Action request received from 127.0.0.1."
"76","Slot 1","Raising","Warning","10-6 BER threshold exceeded","Sun 20-Jul-2014  10:16:24.6 (GMT-06:00)","SYS",""
"77","Slot 1","Clearing","Cleared","Traffic path down","Sun 20-Jul-2014  10:16:26.7 (GMT-06:00)","SYS",""
"78","Slot 1","Clearing","Cleared","10-6 BER threshold exceeded","Sun 20-Jul-2014  10:16:33.5 (GMT-06:00)","SYS",""
"79","Slot 1","Raising","Major","Demodulator not locked","Wed 23-Jul-2014  12:39:42.7 (GMT-06:00)","SYS",""
"80","Slot 1","Clearing","Cleared","Demodulator not locked","Wed 23-Jul-2014  12:39:43.1 (GMT-06:00)","SYS",""
"81","Slot 1","Raising","Warning","10-6 BER threshold exceeded","Wed 23-Jul-2014  12:39:44.4 (GMT-06:00)","SYS",""
"82","Slot 1","Clearing","Cleared","10-6 BER threshold exceeded","Wed 23-Jul-2014  12:39:53.4 (GMT-06:00)","SYS",""
"83","Slot 1","Raising","Warning","10-6 BER threshold exceeded","Mon 28-Jul-2014  16:33:39.3 (GMT-06:00)","SYS",""
"84","Slot 1","Clearing","Cleared","10-6 BER threshold exceeded","Mon 28-Jul-2014  16:33:48.3 (GMT-06:00)","SYS",""
"85","Slot 1","Raising","Major","Demodulator not locked","Tue 29-Jul-2014  17:06:16.8 (GMT-06:00)","SYS",""
"86","Slot 1","Clearing","Cleared","Demodulator not locked","Tue 29-Jul-2014  17:06:17.0 (GMT-06:00)","SYS",""
"87","Slot 1","Raising","Warning","10-6 BER threshold exceeded","Tue 29-Jul-2014  17:06:17.3 (GMT-06:00)","SYS",""
"88","Slot 1","Clearing","Cleared","10-6 BER threshold exceeded","Tue 29-Jul-2014  17:06:26.3 (GMT-06:00)","SYS",""
"89","Slot 1","Raising","Warning","10-6 BER threshold exceeded","Wed 13-Aug-2014  14:42:46.0 (GMT-06:00)","SYS",""
"90","Slot 1","Clearing","Cleared","10-6 BER threshold exceeded","Wed 13-Aug-2014  14:42:55.0 (GMT-06:00)","SYS",""
"91","Slot 1","Raising","Warning","10-6 BER threshold exceeded","Sat 16-Aug-2014  16:54:36.0 (GMT-06:00)","SYS",""
"92","Slot 1","Clearing","Cleared","10-6 BER threshold exceeded","Sat 16-Aug-2014  16:54:45.0 (GMT-06:00)","SYS",""
"93","Slot 1","Raising","Major","Demodulator not locked","Thu 28-Aug-2014  12:22:18.7 (GMT-06:00)","SYS",""
"94","Slot 1","Raising","Critical","Traffic path down","Thu 28-Aug-2014  12:22:18.8 (GMT-06:00)","SYS",""
"95","Slot 1","Raising","Warning","10-3 BER threshold exceeded","Thu 28-Aug-2014  12:22:18.8 (GMT-06:00)","SYS",""
"96","Slot 1","Raising","Warning","10-6 BER threshold exceeded","Thu 28-Aug-2014  12:22:18.8 (GMT-06:00)","SYS",""
"97","Slot 1","Clearing","Cleared","Demodulator not locked","Thu 28-Aug-2014  12:22:18.9 (GMT-06:00)","SYS",""
"98","NCC","None","Informational","Event Action created","Thu 28-Aug-2014  12:22:19.0 (GMT-06:00)","SYS","Relay Output 1 Action request sent to 127.0.0.1, Slot1"
"99","NCC","None","Informational","Event Action accepted","Thu 28-Aug-2014  12:22:19.1 (GMT-06:00)","SYS","Relay Output 1 Action request received from 127.0.0.1."
"100","Slot 1","Clearing","Cleared","Traffic path down","Thu 28-Aug-2014  12:22:20.8 (GMT-06:00)","SYS",""
"101","Slot 1","Clearing","Cleared","10-3 BER threshold exceeded","Thu 28-Aug-2014  12:22:20.8 (GMT-06:00)","SYS",""
"102","Slot 1","Clearing","Cleared","10-6 BER threshold exceeded","Thu 28-Aug-2014  12:22:28.8 (GMT-06:00)","SYS",""
"103","Slot 1","Raising","Warning","10-6 BER threshold exceeded","Thu 28-Aug-2014  12:27:25.8 (GMT-06:00)","SYS",""
"104","Slot 1","Clearing","Cleared","10-6 BER threshold exceeded","Thu 28-Aug-2014  12:27:34.8 (GMT-06:00)","SYS",""
"105","Slot 1","Raising","Major","Demodulator not locked","Fri 29-Aug-2014  12:08:18.9 (GMT-06:00)","SYS",""
"106","Slot 1","Clearing","Cleared","Demodulator not locked","Fri 29-Aug-2014  12:08:19.1 (GMT-06:00)","SYS",""
"107","Slot 1","Raising","Critical","Traffic path down","Fri 29-Aug-2014  12:08:19.2 (GMT-06:00)","SYS",""
"108","NCC","None","Informational","Event Action created","Fri 29-Aug-2014  12:08:19.2 (GMT-06:00)","SYS","Relay Output 1 Action request sent to 127.0.0.1, Slot1"
"109","NCC","None","Informational","Event Action accepted","Fri 29-Aug-2014  12:08:19.2 (GMT-06:00)","SYS","Relay Output 1 Action request received from 127.0.0.1."
"110","Slot 1","Raising","Warning","10-6 BER threshold exceeded","Fri 29-Aug-2014  12:08:19.7 (GMT-06:00)","SYS",""
"111","Slot 1","Clearing","Cleared","Traffic path down","Fri 29-Aug-2014  12:08:20.3 (GMT-06:00)","SYS",""
"112","Slot 1","Clearing","Cleared","10-6 BER threshold exceeded","Fri 29-Aug-2014  12:08:28.7 (GMT-06:00)","SYS",""
"113","Slot 1","Raising","Major","Demodulator not locked","Sun 07-Sep-2014  13:46:53.3 (GMT-06:00)","SYS",""
"114","Slot 1","Clearing","Cleared","Demodulator not locked","Sun 07-Sep-2014  13:46:53.5 (GMT-06:00)","SYS",""
"115","Slot 1","Raising","Warning","10-6 BER threshold exceeded","Sun 07-Sep-2014  13:46:54.7 (GMT-06:00)","SYS",""
"116","Slot 1","Clearing","Cleared","10-6 BER threshold exceeded","Sun 07-Sep-2014  13:47:03.7 (GMT-06:00)","SYS",""
"117","Slot 1","Raising","Major","Demodulator not locked","Mon 08-Sep-2014  16:31:33.4 (GMT-06:00)","SYS",""
"118","Slot 1","Clearing","Cleared","Demodulator not locked","Mon 08-Sep-2014  16:31:33.6 (GMT-06:00)","SYS",""
"119","Slot 1","Raising","Warning","10-6 BER threshold exceeded","Mon 08-Sep-2014  16:31:34.7 (GMT-06:00)","SYS",""
"120","Slot 1","Clearing","Cleared","10-6 BER threshold exceeded","Mon 08-Sep-2014  16:31:43.7 (GMT-06:00)","SYS",""
"121","Slot 1","Raising","Major","Demodulator not locked","Tue 16-Sep-2014  06:26:35.6 (GMT-06:00)","SYS",""
"122","Slot 1","Clearing","Cleared","Demodulator not locked","Tue 16-Sep-2014  06:26:35.8 (GMT-06:00)","SYS",""
"123","Slot 1","Raising","Warning","10-6 BER threshold exceeded","Tue 16-Sep-2014  06:26:36.6 (GMT-06:00)","SYS",""
"124","Slot 1","Clearing","Cleared","10-6 BER threshold exceeded","Tue 16-Sep-2014  06:26:45.6 (GMT-06:00)","SYS",""
"125","Slot 1","Raising","Major","Demodulator not locked","Tue 16-Sep-2014  12:03:00.8 (GMT-06:00)","SYS",""
"126","Slot 1","Clearing","Cleared","Demodulator not locked","Tue 16-Sep-2014  12:03:01.2 (GMT-06:00)","SYS",""
"127","Slot 1","Raising","Warning","10-6 BER threshold exceeded","Tue 16-Sep-2014  12:03:01.6 (GMT-06:00)","SYS",""
"128","Slot 1","Clearing","Cleared","10-6 BER threshold exceeded","Tue 16-Sep-2014  12:03:10.6 (GMT-06:00)","SYS",""
"129","Slot 1","Raising","Major","Demodulator not locked","Wed 24-Sep-2014  16:49:05.5 (GMT-06:00)","SYS",""
"130","Slot 1","Clearing","Cleared","Demodulator not locked","Wed 24-Sep-2014  16:49:05.7 (GMT-06:00)","SYS",""
"131","Slot 1","Raising","Warning","10-6 BER threshold exceeded","Wed 24-Sep-2014  16:49:06.4 (GMT-06:00)","SYS",""
"132","Slot 1","Clearing","Cleared","10-6 BER threshold exceeded","Wed 24-Sep-2014  16:49:15.4 (GMT-06:00)","SYS",""
"133","Slot 1","Raising","Major","Demodulator not locked","Fri 03-Oct-2014  07:32:38.5 (GMT-06:00)","SYS",""
"134","Slot 1","Clearing","Cleared","Demodulator not locked","Fri 03-Oct-2014  07:32:38.7 (GMT-06:00)","SYS",""
"135","Slot 1","Raising","Warning","10-6 BER threshold exceeded","Fri 03-Oct-2014  07:32:40.3 (GMT-06:00)","SYS",""
"136","Slot 1","Clearing","Cleared","10-6 BER threshold exceeded","Fri 03-Oct-2014  07:32:49.3 (GMT-06:00)","SYS",""
"137","Slot 1","Raising","Warning","10-6 BER threshold exceeded","Tue 07-Oct-2014  11:53:40.2 (GMT-06:00)","SYS",""
"138","Slot 1","Clearing","Cleared","10-6 BER threshold exceeded","Tue 07-Oct-2014  11:53:49.1 (GMT-06:00)","SYS",""
"139","Slot 1","Raising","Major","Demodulator not locked","Sat 25-Oct-2014  10:27:15.4 (GMT-06:00)","SYS",""
"140","Slot 1","Clearing","Cleared","Demodulator not locked","Sat 25-Oct-2014  10:27:15.6 (GMT-06:00)","SYS",""
"141","Slot 1","Raising","Critical","Traffic path down","Sat 25-Oct-2014  10:27:15.9 (GMT-06:00)","SYS",""
"142","NCC","None","Informational","Event Action created","Sat 25-Oct-2014  10:27:15.9 (GMT-06:00)","SYS","Relay Output 1 Action request sent to 127.0.0.1, Slot1"
"143","NCC","None","Informational","Event Action accepted","Sat 25-Oct-2014  10:27:15.9 (GMT-06:00)","SYS","Relay Output 1 Action request received from 127.0.0.1."
"144","Slot 1","Raising","Warning","10-6 BER threshold exceeded","Sat 25-Oct-2014  10:27:16.0 (GMT-06:00)","SYS",""
"145","Slot 1","Clearing","Cleared","Traffic path down","Sat 25-Oct-2014  10:27:17.0 (GMT-06:00)","SYS",""
"146","Slot 1","Clearing","Cleared","10-6 BER threshold exceeded","Sat 25-Oct-2014  10:27:25.0 (GMT-06:00)","SYS",""
"147","Slot 1","Raising","Major","Demodulator not locked","Tue 28-Oct-2014  10:22:39.4 (GMT-06:00)","SYS",""
"148","Slot 1","Clearing","Cleared","Demodulator not locked","Tue 28-Oct-2014  10:22:39.6 (GMT-06:00)","SYS",""
"149","Slot 1","Raising","Warning","10-6 BER threshold exceeded","Tue 28-Oct-2014  10:22:40.0 (GMT-06:00)","SYS",""
"150","Slot 1","Clearing","Cleared","10-6 BER threshold exceeded","Tue 28-Oct-2014  10:22:49.0 (GMT-06:00)","SYS",""
"151","Slot 1","Raising","Major","Demodulator not locked","Thu 06-Nov-2014  16:49:06.9 (GMT-06:00)","SYS",""
"152","Slot 1","Clearing","Cleared","Demodulator not locked","Thu 06-Nov-2014  16:49:07.1 (GMT-06:00)","SYS",""
"153","Slot 1","Raising","Warning","10-6 BER threshold exceeded","Thu 06-Nov-2014  16:49:07.7 (GMT-06:00)","SYS",""
"154","Slot 1","Clearing","Cleared","10-6 BER threshold exceeded","Thu 06-Nov-2014  16:49:16.7 (GMT-06:00)","SYS",""
"155","Slot 1","Raising","Major","Demodulator not locked","Sat 08-Nov-2014  07:24:20.4 (GMT-06:00)","SYS",""
"156","Slot 1","Clearing","Cleared","Demodulator not locked","Sat 08-Nov-2014  07:24:20.6 (GMT-06:00)","SYS",""
"157","Slot 1","Raising","Warning","10-6 BER threshold exceeded","Sat 08-Nov-2014  07:24:20.7 (GMT-06:00)","SYS",""
"158","Slot 1","Raising","Critical","Traffic path down","Sat 08-Nov-2014  07:24:20.7 (GMT-06:00)","SYS",""
"159","NCC","None","Informational","Event Action created","Sat 08-Nov-2014  07:24:20.8 (GMT-06:00)","SYS","Relay Output 1 Action request sent to 127.0.0.1, Slot1"
"160","NCC","None","Informational","Event Action accepted","Sat 08-Nov-2014  07:24:20.8 (GMT-06:00)","SYS","Relay Output 1 Action request received from 127.0.0.1."
"161","Slot 1","Clearing","Cleared","Traffic path down","Sat 08-Nov-2014  07:24:22.8 (GMT-06:00)","SYS",""
"162","Slot 1","Clearing","Cleared","10-6 BER threshold exceeded","Sat 08-Nov-2014  07:24:29.7 (GMT-06:00)","SYS",""
"163","Slot 1","Raising","Major","Demodulator not locked","Fri 28-Nov-2014  11:52:31.0 (GMT-06:00)","SYS",""
"164","Slot 1","Clearing","Cleared","Demodulator not locked","Fri 28-Nov-2014  11:52:31.4 (GMT-06:00)","SYS",""
"165","Slot 1","Raising","Warning","10-6 BER threshold exceeded","Fri 28-Nov-2014  11:52:31.5 (GMT-06:00)","SYS",""
"166","Slot 1","Clearing","Cleared","10-6 BER threshold exceeded","Fri 28-Nov-2014  11:52:40.5 (GMT-06:00)","SYS",""
"167","Slot 1","Raising","Major","Demodulator not locked","Sat 20-Dec-2014  16:17:57.8 (GMT-06:00)","SYS",""
"168","Slot 1","Clearing","Cleared","Demodulator not locked","Sat 20-Dec-2014  16:17:58.0 (GMT-06:00)","SYS",""
"169","Slot 1","Raising","Warning","10-6 BER threshold exceeded","Sat 20-Dec-2014  16:17:58.7 (GMT-06:00)","SYS",""
"170","Slot 1","Clearing","Cleared","10-6 BER threshold exceeded","Sat 20-Dec-2014  16:18:07.6 (GMT-06:00)","SYS",""
"171","Slot 3","Raising","Major","DPP channel link down","Tue 23-Dec-2014  08:01:10.2 (GMT-06:00)","SYS",""
"172","Slot 3","None","Informational","GE3 port protection","Tue 23-Dec-2014  08:01:11.8 (GMT-06:00)","SYS","attempted to switch  but blocked
"
"173","Slot 3","Clearing","Cleared","DPP channel link down","Tue 23-Dec-2014  08:01:12.2 (GMT-06:00)","SYS",""
"174","NCC","None","Informational","Protection switch","Tue 23-Dec-2014  08:01:12.8 (GMT-06:00)","SYS","Radio Tx switched off because remote initiated switch"
"175","NCC","None","Informational","Protection switch","Tue 23-Dec-2014  08:01:12.8 (GMT-06:00)","SYS","Tributary output switched off because local Tx switch"
"176","NCC","None","Informational","Protection switch","Tue 23-Dec-2014  08:01:12.8 (GMT-06:00)","SYS","Ethernet output switched off because local Tx switch"
"177","NCC","None","Informational","Protection switch","Tue 23-Dec-2014  08:01:36.3 (GMT-06:00)","SYS","Tributary output switched on because partner tributary output off"
"178","Slot 1","Raising","Warning","10-6 BER threshold exceeded","Wed 31-Dec-2014  06:15:49.7 (GMT-06:00)","SYS",""
"179","Slot 1","Clearing","Cleared","10-6 BER threshold exceeded","Wed 31-Dec-2014  06:15:58.7 (GMT-06:00)","SYS",""
"180","Slot 1","Raising","Warning","10-6 BER threshold exceeded","Tue 06-Jan-2015  08:03:28.7 (GMT-06:00)","SYS",""
"181","Slot 1","Clearing","Cleared","10-6 BER threshold exceeded","Tue 06-Jan-2015  08:03:37.7 (GMT-06:00)","SYS",""
"182","Slot 1","Raising","Warning","10-6 BER threshold exceeded","Tue 06-Jan-2015  11:00:58.7 (GMT-06:00)","SYS",""
"183","Slot 1","Clearing","Cleared","10-6 BER threshold exceeded","Tue 06-Jan-2015  11:01:08.7 (GMT-06:00)","SYS",""
"184","Slot 1","Raising","Warning","10-6 BER threshold exceeded","Tue 06-Jan-2015  11:07:00.7 (GMT-06:00)","SYS",""
"185","Slot 1","Clearing","Cleared","10-6 BER threshold exceeded","Tue 06-Jan-2015  11:07:09.7 (GMT-06:00)","SYS",""
"186","Slot 1","Raising","Major","Demodulator not locked","Tue 06-Jan-2015  15:18:26.3 (GMT-06:00)","SYS",""
"187","Slot 1","Clearing","Cleared","Demodulator not locked","Tue 06-Jan-2015  15:18:26.5 (GMT-06:00)","SYS",""
"188","Slot 1","Raising","Warning","10-6 BER threshold exceeded","Tue 06-Jan-2015  15:18:26.7 (GMT-06:00)","SYS",""
"189","Slot 1","Clearing","Cleared","10-6 BER threshold exceeded","Tue 06-Jan-2015  15:18:35.7 (GMT-06:00)","SYS",""
"190","Slot 1","Raising","Warning","10-6 BER threshold exceeded","Thu 08-Jan-2015  12:16:24.6 (GMT-06:00)","SYS",""
"191","Slot 1","Clearing","Cleared","10-6 BER threshold exceeded","Thu 08-Jan-2015  12:16:33.6 (GMT-06:00)","SYS",""
"192","Slot 1","Raising","Warning","10-6 BER threshold exceeded","Wed 14-Jan-2015  20:04:47.6 (GMT-06:00)","SYS",""
"193","Slot 1","Clearing","Cleared","10-6 BER threshold exceeded","Wed 14-Jan-2015  20:04:56.6 (GMT-06:00)","SYS",""
"194","Slot 1","Raising","Major","Demodulator not locked","Thu 15-Jan-2015  07:42:32.3 (GMT-06:00)","SYS",""
"195","Slot 1","Raising","Critical","Traffic path down","Thu 15-Jan-2015  07:42:32.6 (GMT-06:00)","SYS",""
"196","Slot 1","Raising","Warning","10-3 BER threshold exceeded","Thu 15-Jan-2015  07:42:32.6 (GMT-06:00)","SYS",""
"197","Slot 1","Raising","Warning","10-6 BER threshold exceeded","Thu 15-Jan-2015  07:42:32.6 (GMT-06:00)","SYS",""
"198","Slot 1","Clearing","Cleared","Demodulator not locked","Thu 15-Jan-2015  07:42:32.7 (GMT-06:00)","SYS",""
"199","NCC","None","Informational","Event Action created","Thu 15-Jan-2015  07:42:32.8 (GMT-06:00)","SYS","Relay Output 1 Action request sent to 127.0.0.1, Slot1"
"200","NCC","None","Informational","Event Action accepted","Thu 15-Jan-2015  07:42:32.8 (GMT-06:00)","SYS","Relay Output 1 Action request received from 127.0.0.1."
"201","Slot 1","Clearing","Cleared","Traffic path down","Thu 15-Jan-2015  07:42:34.6 (GMT-06:00)","SYS",""
"202","Slot 1","Clearing","Cleared","10-3 BER threshold exceeded","Thu 15-Jan-2015  07:42:35.6 (GMT-06:00)","SYS",""
"203","Slot 1","Clearing","Cleared","10-6 BER threshold exceeded","Thu 15-Jan-2015  07:42:41.6 (GMT-06:00)","SYS",""
"204","Slot 1","Raising","Warning","10-6 BER threshold exceeded","Thu 15-Jan-2015  09:20:58.6 (GMT-06:00)","SYS",""
"205","Slot 1","Clearing","Cleared","10-6 BER threshold exceeded","Thu 15-Jan-2015  09:21:07.6 (GMT-06:00)","SYS",""
"206","Slot 1","Raising","Warning","10-6 BER threshold exceeded","Thu 15-Jan-2015  19:46:20.6 (GMT-06:00)","SYS",""
"207","Slot 1","Clearing","Cleared","10-6 BER threshold exceeded","Thu 15-Jan-2015  19:46:30.6 (GMT-06:00)","SYS",""
"208","Slot 1","Raising","Warning","10-6 BER threshold exceeded","Sat 17-Jan-2015  07:14:39.5 (GMT-06:00)","SYS",""
"209","Slot 1","Clearing","Cleared","10-6 BER threshold exceeded","Sat 17-Jan-2015  07:14:48.5 (GMT-06:00)","SYS",""
"210","Slot 1","Raising","Major","Demodulator not locked","Thu 22-Jan-2015  07:31:27.6 (GMT-06:00)","SYS",""
"211","Slot 1","Clearing","Cleared","Demodulator not locked","Thu 22-Jan-2015  07:31:27.9 (GMT-06:00)","SYS",""
"212","Slot 1","Raising","Warning","10-6 BER threshold exceeded","Thu 22-Jan-2015  07:31:28.5 (GMT-06:00)","SYS",""
"213","Slot 1","Clearing","Cleared","10-6 BER threshold exceeded","Thu 22-Jan-2015  07:31:37.5 (GMT-06:00)","SYS",""
"214","Slot 1","Raising","Major","Demodulator not locked","Thu 22-Jan-2015  12:24:00.5 (GMT-06:00)","SYS",""
"215","Slot 1","Raising","Critical","Traffic path down","Thu 22-Jan-2015  12:24:00.6 (GMT-06:00)","SYS",""
"216","Slot 1","Raising","Warning","10-3 BER threshold exceeded","Thu 22-Jan-2015  12:24:00.6 (GMT-06:00)","SYS",""
"217","Slot 1","Raising","Warning","10-6 BER threshold exceeded","Thu 22-Jan-2015  12:24:00.6 (GMT-06:00)","SYS",""
"218","NCC","None","Informational","Event Action created","Thu 22-Jan-2015  12:24:00.6 (GMT-06:00)","SYS","Relay Output 1 Action request sent to 127.0.0.1, Slot1"
"219","NCC","None","Informational","Event Action accepted","Thu 22-Jan-2015  12:24:00.6 (GMT-06:00)","SYS","Relay Output 1 Action request received from 127.0.0.1."
"220","Slot 1","Clearing","Cleared","Demodulator not locked","Thu 22-Jan-2015  12:24:01.1 (GMT-06:00)","SYS",""
"221","Slot 1","Clearing","Cleared","10-3 BER threshold exceeded","Thu 22-Jan-2015  12:24:02.5 (GMT-06:00)","SYS",""
"222","Slot 1","Clearing","Cleared","Traffic path down","Thu 22-Jan-2015  12:24:02.9 (GMT-06:00)","SYS",""
"223","Slot 1","Clearing","Cleared","10-6 BER threshold exceeded","Thu 22-Jan-2015  12:24:11.5 (GMT-06:00)","SYS",""
"224","Slot 1","Raising","Major","Demodulator not locked","Fri 23-Jan-2015  11:59:54.0 (GMT-06:00)","SYS",""
"225","Slot 1","Clearing","Cleared","Demodulator not locked","Fri 23-Jan-2015  11:59:54.2 (GMT-06:00)","SYS",""
"226","Slot 1","Raising","Warning","10-6 BER threshold exceeded","Fri 23-Jan-2015  11:59:54.6 (GMT-06:00)","SYS",""
"227","Slot 1","Clearing","Cleared","10-6 BER threshold exceeded","Fri 23-Jan-2015  12:00:03.5 (GMT-06:00)","SYS",""
"228","Slot 1","Raising","Warning","10-6 BER threshold exceeded","Fri 23-Jan-2015  17:25:10.6 (GMT-06:00)","SYS",""
"229","Slot 1","Clearing","Cleared","10-6 BER threshold exceeded","Fri 23-Jan-2015  17:25:20.5 (GMT-06:00)","SYS",""
"230","Slot 1","Raising","Major","Demodulator not locked","Sat 24-Jan-2015  16:28:07.3 (GMT-06:00)","SYS",""
"231","Slot 1","Clearing","Cleared","Demodulator not locked","Sat 24-Jan-2015  16:28:07.5 (GMT-06:00)","SYS",""
"232","Slot 1","Raising","Warning","10-6 BER threshold exceeded","Sat 24-Jan-2015  16:28:07.6 (GMT-06:00)","SYS",""
"233","Slot 1","Clearing","Cleared","10-6 BER threshold exceeded","Sat 24-Jan-2015  16:28:17.6 (GMT-06:00)","SYS",""
"234","Slot 1","Raising","Major","Demodulator not locked","Wed 28-Jan-2015  16:23:10.2 (GMT-06:00)","SYS",""
"235","Slot 1","Clearing","Cleared","Demodulator not locked","Wed 28-Jan-2015  16:23:10.4 (GMT-06:00)","SYS",""
"236","Slot 1","Raising","Warning","10-6 BER threshold exceeded","Wed 28-Jan-2015  16:23:10.5 (GMT-06:00)","SYS",""
"237","Slot 1","Clearing","Cleared","10-6 BER threshold exceeded","Wed 28-Jan-2015  16:23:20.5 (GMT-06:00)","SYS",""
"238","Slot 1","Raising","Major","Demodulator not locked","Thu 29-Jan-2015  14:21:57.5 (GMT-06:00)","SYS",""
"239","Slot 1","Clearing","Cleared","Demodulator not locked","Thu 29-Jan-2015  14:21:57.7 (GMT-06:00)","SYS",""
"240","Slot 1","Raising","Warning","10-6 BER threshold exceeded","Thu 29-Jan-2015  14:21:58.5 (GMT-06:00)","SYS",""
"241","Slot 1","Clearing","Cleared","10-6 BER threshold exceeded","Thu 29-Jan-2015  14:22:07.5 (GMT-06:00)","SYS",""
"242","Slot 1","Raising","Warning","10-6 BER threshold exceeded","Fri 30-Jan-2015  11:54:58.5 (GMT-06:00)","SYS",""
"243","Slot 1","Clearing","Cleared","10-6 BER threshold exceeded","Fri 30-Jan-2015  11:55:07.5 (GMT-06:00)","SYS",""
"244","Slot 1","Raising","Warning","10-6 BER threshold exceeded","Mon 02-Feb-2015  06:54:46.5 (GMT-06:00)","SYS",""
"245","Slot 1","Clearing","Cleared","10-6 BER threshold exceeded","Mon 02-Feb-2015  06:54:55.5 (GMT-06:00)","SYS",""
"246","NCC","None","Informational","Configuration changed","Thu 12-Feb-2015  14:12:37.1 (GMT-06:00)","Portal User","lpfPcrLock set to: 1"
"247","Slot 1","None","Informational","PCR data retrieval started","Thu 12-Feb-2015  14:12:37.4 (GMT-06:00)","SYS","PCR data retrieval is started"
"248","NCC","None","Informational","Configuration changed","Thu 12-Feb-2015  14:12:40.9 (GMT-06:00)","Portal User","lpfPcrLock set to: 0"
"249","Slot 1","None","Informational","PCR data retrieval completed","Thu 12-Feb-2015  14:12:41.3 (GMT-06:00)","SYS","PCR data retrieval is completed"
"250","NCC","None","Informational","Configuration changed","Thu 12-Feb-2015  14:20:58.0 (GMT-06:00)","Portal User","sntpUpdateNow set to: 1"
"251","NCC","None","Informational","Configuration changed","Thu 12-Feb-2015  14:23:41.7 (GMT-06:00)","Portal User","hrSystemDate set to: 12/2/2015 19:33:14.0 (UTC - 6:00)"
"252","NCC","None","Informational","Date / time changed","Thu 12-Feb-2015  19:33:14.0 (GMT-06:00)","SYS","Old time: Thu 12-Feb-2015  14:23:41 (UTC-6:00)"
"253","NCC","None","Informational","Configuration changed","Thu 12-Feb-2015  19:33:19.7 (GMT-06:00)","Portal User","Inactive switch"
"254","NCC","None","Informational","Protection switch","Thu 12-Feb-2015  19:33:31.3 (GMT-06:00)","SYS","Tributary output switched off because local Tx switch"
"255","NCC","None","Informational","Configuration changed","Thu 12-Feb-2015  19:33:50.0 (GMT-06:00)","Portal User","hrSystemDate set to: 12/2/2015 20:33:20.0 (UTC - 6:00)"
"256","NCC","None","Informational","Date / time changed","Thu 12-Feb-2015  20:33:20.0 (GMT-06:00)","SYS","Old time: Thu 12-Feb-2015  19:33:50 (UTC-6:00)"
"257","NCC","None","Informational","Configuration changed","Thu 12-Feb-2015  20:33:25.8 (GMT-06:00)","Portal User","Inactive switch"
"258","NCC","None","Informational","Configuration changed","Thu 12-Feb-2015  20:34:20.6 (GMT-06:00)","Portal User","hrSystemDate set to: 12/2/2015 20:36:30.0 (UTC - 6:00)"
"259","NCC","None","Informational","Date / time changed","Thu 12-Feb-2015  20:36:30.0 (GMT-06:00)","SYS","Old time: Thu 12-Feb-2015  20:34:20 (UTC-6:00)"
"260","NCC","None","Informational","Configuration changed","Thu 12-Feb-2015  20:36:35.6 (GMT-06:00)","Portal User","Inactive switch"
"261","NCC","None","Informational","Configuration changed","Thu 12-Feb-2015  20:43:23.3 (GMT-06:00)","Portal User","lpfPcrLock set to: 1"
"262","Slot 1","None","Informational","PCR data retrieval started","Thu 12-Feb-2015  20:43:23.8 (GMT-06:00)","SYS","PCR data retrieval is started"
"263","NCC","None","Informational","Configuration changed","Thu 12-Feb-2015  20:43:26.2 (GMT-06:00)","Portal User","lpfPcrLock set to: 0"
"264","Slot 1","None","Informational","PCR data retrieval completed","Thu 12-Feb-2015  20:43:26.8 (GMT-06:00)","SYS","PCR data retrieval is completed"
"265","Slot 1","None","Informational","PCR data flushed","Thu 12-Feb-2015  20:45:55.7 (GMT-06:00)","SYS","PCR data has been flushed"
"266","NCC","None","Informational","Configuration changed","Thu 12-Feb-2015  20:45:55.7 (GMT-06:00)","Portal User","lpfPcrFlush set to: 1"
"267","Slot 1","Raising","Warning","10-6 BER threshold exceeded","Thu 12-Feb-2015  22:45:45.8 (GMT-06:00)","SYS",""
"268","Slot 1","Clearing","Cleared","10-6 BER threshold exceeded","Thu 12-Feb-2015  22:45:54.8 (GMT-06:00)","SYS",""
"269","Slot 1","Raising","Major","Demodulator not locked","Mon 16-Feb-2015  19:25:00.7 (GMT-06:00)","SYS",""
"270","Slot 1","Raising","Critical","Traffic path down","Mon 16-Feb-2015  19:25:00.9 (GMT-06:00)","SYS",""
"271","Slot 1","Clearing","Cleared","Demodulator not locked","Mon 16-Feb-2015  19:25:00.9 (GMT-06:00)","SYS",""
"272","NCC","None","Informational","Event Action created","Mon 16-Feb-2015  19:25:00.9 (GMT-06:00)","SYS","Relay Output 1 Action request sent to 127.0.0.1, Slot1"
"273","NCC","None","Informational","Event Action accepted","Mon 16-Feb-2015  19:25:00.9 (GMT-06:00)","SYS","Relay Output 1 Action request received from 127.0.0.1."
"274","Slot 1","Raising","Major","Demodulator not locked","Mon 16-Feb-2015  19:25:01.1 (GMT-06:00)","SYS",""
"275","Slot 1","Clearing","Cleared","Demodulator not locked","Mon 16-Feb-2015  19:25:01.3 (GMT-06:00)","SYS",""
"276","Slot 1","Raising","Warning","10-6 BER threshold exceeded","Mon 16-Feb-2015  19:25:01.5 (GMT-06:00)","SYS",""
"277","Slot 1","Clearing","Cleared","Traffic path down","Mon 16-Feb-2015  19:25:02.9 (GMT-06:00)","SYS",""
"278","Slot 1","Clearing","Cleared","10-6 BER threshold exceeded","Mon 16-Feb-2015  19:25:11.5 (GMT-06:00)","SYS",""
"279","Slot 1","Raising","Major","Demodulator not locked","Tue 17-Feb-2015  20:24:21.7 (GMT-06:00)","SYS",""
"280","Slot 1","Clearing","Cleared","Demodulator not locked","Tue 17-Feb-2015  20:24:21.9 (GMT-06:00)","SYS",""
"281","Slot 1","Raising","Critical","Traffic path down","Tue 17-Feb-2015  20:24:21.9 (GMT-06:00)","SYS",""
"282","NCC","None","Informational","Event Action created","Tue 17-Feb-2015  20:24:22.0 (GMT-06:00)","SYS","Relay Output 1 Action request sent to 127.0.0.1, Slot1"
"283","NCC","None","Informational","Event Action accepted","Tue 17-Feb-2015  20:24:22.0 (GMT-06:00)","SYS","Relay Output 1 Action request received from 127.0.0.1."
"284","Slot 1","Raising","Warning","10-6 BER threshold exceeded","Tue 17-Feb-2015  20:24:22.4 (GMT-06:00)","SYS",""
"285","Slot 1","Clearing","Cleared","Traffic path down","Tue 17-Feb-2015  20:24:23.1 (GMT-06:00)","SYS",""
"286","Slot 1","Clearing","Cleared","10-6 BER threshold exceeded","Tue 17-Feb-2015  20:24:31.4 (GMT-06:00)","SYS",""
"287","Slot 1","Raising","Major","Demodulator not locked","Wed 18-Feb-2015  22:36:54.0 (GMT-06:00)","SYS",""
"288","Slot 1","Raising","Critical","Traffic path down","Wed 18-Feb-2015  22:36:54.4 (GMT-06:00)","SYS",""
"289","Slot 1","Raising","Warning","10-3 BER threshold exceeded","Wed 18-Feb-2015  22:36:54.4 (GMT-06:00)","SYS",""
"290","Slot 1","Raising","Warning","10-6 BER threshold exceeded","Wed 18-Feb-2015  22:36:54.4 (GMT-06:00)","SYS",""
"291","Slot 1","Clearing","Cleared","Demodulator not locked","Wed 18-Feb-2015  22:36:54.4 (GMT-06:00)","SYS",""
"292","NCC","None","Informational","Event Action created","Wed 18-Feb-2015  22:36:54.5 (GMT-06:00)","SYS","Relay Output 1 Action request sent to 127.0.0.1, Slot1"
"293","NCC","None","Informational","Event Action accepted","Wed 18-Feb-2015  22:36:54.5 (GMT-06:00)","SYS","Relay Output 1 Action request received from 127.0.0.1."
"294","Slot 1","Clearing","Cleared","Traffic path down","Wed 18-Feb-2015  22:36:56.4 (GMT-06:00)","SYS",""
"295","Slot 1","Clearing","Cleared","10-3 BER threshold exceeded","Wed 18-Feb-2015  22:36:56.4 (GMT-06:00)","SYS",""
"296","Slot 1","Clearing","Cleared","10-6 BER threshold exceeded","Wed 18-Feb-2015  22:37:04.4 (GMT-06:00)","SYS",""
"297","Slot 1","Raising","Major","Demodulator not locked","Sat 21-Feb-2015  20:28:45.2 (GMT-06:00)","SYS",""
"298","Slot 1","Raising","Critical","Traffic path down","Sat 21-Feb-2015  20:28:45.4 (GMT-06:00)","SYS",""
"299","Slot 1","Raising","Warning","10-3 BER threshold exceeded","Sat 21-Feb-2015  20:28:45.4 (GMT-06:00)","SYS",""
"300","Slot 1","Raising","Warning","10-6 BER threshold exceeded","Sat 21-Feb-2015  20:28:45.4 (GMT-06:00)","SYS",""
"301","NCC","None","Informational","Event Action created","Sat 21-Feb-2015  20:28:45.6 (GMT-06:00)","SYS","Relay Output 1 Action request sent to 127.0.0.1, Slot1"
"302","NCC","None","Informational","Event Action accepted","Sat 21-Feb-2015  20:28:45.6 (GMT-06:00)","SYS","Relay Output 1 Action request received from 127.0.0.1."
"303","Slot 1","Clearing","Cleared","Demodulator not locked","Sat 21-Feb-2015  20:28:45.7 (GMT-06:00)","SYS",""
"304","Slot 1","Clearing","Cleared","Traffic path down","Sat 21-Feb-2015  20:28:47.4 (GMT-06:00)","SYS",""
"305","Slot 1","Clearing","Cleared","10-3 BER threshold exceeded","Sat 21-Feb-2015  20:28:47.4 (GMT-06:00)","SYS",""
"306","Slot 1","Clearing","Cleared","10-6 BER threshold exceeded","Sat 21-Feb-2015  20:28:55.4 (GMT-06:00)","SYS",""
"307","Slot 1","Raising","Warning","10-6 BER threshold exceeded","Thu 26-Feb-2015  17:57:32.4 (GMT-06:00)","SYS",""
"308","Slot 1","Clearing","Cleared","10-6 BER threshold exceeded","Thu 26-Feb-2015  17:57:42.4 (GMT-06:00)","SYS",""
"309","Slot 1","Raising","Warning","10-6 BER threshold exceeded","Mon 02-Mar-2015  12:51:44.4 (GMT-06:00)","SYS",""
"310","Slot 1","Clearing","Cleared","10-6 BER threshold exceeded","Mon 02-Mar-2015  12:51:53.4 (GMT-06:00)","SYS",""
"311","Slot 1","Raising","Major","Demodulator not locked","Wed 04-Mar-2015  18:50:53.9 (GMT-06:00)","SYS",""
"312","Slot 1","Clearing","Cleared","Demodulator not locked","Wed 04-Mar-2015  18:50:54.3 (GMT-06:00)","SYS",""
"313","Slot 1","Raising","Warning","10-6 BER threshold exceeded","Wed 04-Mar-2015  18:50:55.4 (GMT-06:00)","SYS",""
"314","Slot 1","Clearing","Cleared","10-6 BER threshold exceeded","Wed 04-Mar-2015  18:51:04.4 (GMT-06:00)","SYS",""
"315","Slot 1","Raising","Major","Demodulator not locked","Fri 06-Mar-2015  20:07:05.2 (GMT-06:00)","SYS",""
"316","Slot 1","Raising","Critical","Traffic path down","Fri 06-Mar-2015  20:07:05.3 (GMT-06:00)","SYS",""
"317","Slot 1","Raising","Warning","10-3 BER threshold exceeded","Fri 06-Mar-2015  20:07:05.3 (GMT-06:00)","SYS",""
"318","Slot 1","Raising","Warning","10-6 BER threshold exceeded","Fri 06-Mar-2015  20:07:05.3 (GMT-06:00)","SYS",""
"319","NCC","None","Informational","Event Action created","Fri 06-Mar-2015  20:07:05.4 (GMT-06:00)","SYS","Relay Output 1 Action request sent to 127.0.0.1, Slot1"
"320","Slot 1","Clearing","Cleared","Demodulator not locked","Fri 06-Mar-2015  20:07:05.4 (GMT-06:00)","SYS",""
"321","NCC","None","Informational","Event Action accepted","Fri 06-Mar-2015  20:07:05.4 (GMT-06:00)","SYS","Relay Output 1 Action request received from 127.0.0.1."
"322","Slot 1","Clearing","Cleared","Traffic path down","Fri 06-Mar-2015  20:07:07.3 (GMT-06:00)","SYS",""
"323","Slot 1","Clearing","Cleared","10-3 BER threshold exceeded","Fri 06-Mar-2015  20:07:07.3 (GMT-06:00)","SYS",""
"324","Slot 1","Clearing","Cleared","10-6 BER threshold exceeded","Fri 06-Mar-2015  20:07:15.3 (GMT-06:00)","SYS",""
"325","Slot 1","Raising","Warning","10-6 BER threshold exceeded","Sun 08-Mar-2015  06:35:39.3 (GMT-06:00)","SYS",""
"326","Slot 1","Clearing","Cleared","10-6 BER threshold exceeded","Sun 08-Mar-2015  06:35:48.3 (GMT-06:00)","SYS",""
"327","Slot 1","Raising","Warning","10-6 BER threshold exceeded","Fri 13-Mar-2015  02:16:35.3 (GMT-06:00)","SYS",""
"328","Slot 1","Clearing","Cleared","10-6 BER threshold exceeded","Fri 13-Mar-2015  02:16:44.3 (GMT-06:00)","SYS",""
"329","Slot 1","Raising","Warning","10-6 BER threshold exceeded","Sat 14-Mar-2015  19:49:16.3 (GMT-06:00)","SYS",""
"330","Slot 1","Clearing","Cleared","10-6 BER threshold exceeded","Sat 14-Mar-2015  19:49:25.3 (GMT-06:00)","SYS",""
"331","Slot 1","Raising","Warning","10-6 BER threshold exceeded","Sat 14-Mar-2015  20:54:58.3 (GMT-06:00)","SYS",""
"332","Slot 1","Clearing","Cleared","10-6 BER threshold exceeded","Sat 14-Mar-2015  20:55:08.3 (GMT-06:00)","SYS",""
"333","Slot 3","Clearing","Cleared","Port 3 Ethernet down","Fri 20-Mar-2015  16:51:40.5 (GMT-06:00)","SYS",""
"334","Slot 3","Raising","Warning","Port 3 Ethernet down","Fri 20-Mar-2015  16:55:39.9 (GMT-06:00)","SYS",""
"335","Slot 3","Clearing","Cleared","Port 3 Ethernet down","Fri 20-Mar-2015  16:55:53.9 (GMT-06:00)","SYS",""
"336","Slot 3","Raising","Warning","Port 3 Ethernet down","Fri 20-Mar-2015  16:56:11.7 (GMT-06:00)","SYS",""
"337","Slot 3","Clearing","Cleared","Port 3 Ethernet down","Fri 20-Mar-2015  16:56:13.5 (GMT-06:00)","SYS",""
"338","Slot 3","Raising","Warning","Port 3 Ethernet down","Fri 20-Mar-2015  16:56:17.1 (GMT-06:00)","SYS",""
"339","Slot 3","Clearing","Cleared","Port 3 Ethernet down","Fri 20-Mar-2015  16:56:29.2 (GMT-06:00)","SYS",""
"340","Slot 1","Raising","Warning","10-6 BER threshold exceeded","Mon 23-Mar-2015  01:50:26.2 (GMT-06:00)","SYS",""
"341","Slot 1","Clearing","Cleared","10-6 BER threshold exceeded","Mon 23-Mar-2015  01:50:48.2 (GMT-06:00)","SYS",""
"342","Slot 1","Raising","Warning","ESR threshold exceeded","Mon 23-Mar-2015  01:51:08.2 (GMT-06:00)","SYS",""
"343","Slot 1","Clearing","Cleared","ESR threshold exceeded","Mon 23-Mar-2015  01:52:08.2 (GMT-06:00)","SYS",""
"344","Slot 1","Raising","Major","Demodulator not locked","Mon 23-Mar-2015  14:56:06.2 (GMT-06:00)","SYS",""
"345","Slot 1","Clearing","Cleared","Demodulator not locked","Mon 23-Mar-2015  14:56:06.8 (GMT-06:00)","SYS",""
"346","Slot 1","Raising","Warning","10-6 BER threshold exceeded","Mon 23-Mar-2015  14:56:07.2 (GMT-06:00)","SYS",""
"347","Slot 1","Clearing","Cleared","10-6 BER threshold exceeded","Mon 23-Mar-2015  14:56:17.2 (GMT-06:00)","SYS",""
"348","Slot 1","Raising","Major","Demodulator not locked","Tue 24-Mar-2015  18:15:31.6 (GMT-06:00)","SYS",""
"349","Slot 1","Clearing","Cleared","Demodulator not locked","Tue 24-Mar-2015  18:15:31.8 (GMT-06:00)","SYS",""
"350","Slot 1","Raising","Warning","10-6 BER threshold exceeded","Tue 24-Mar-2015  18:15:33.2 (GMT-06:00)","SYS",""
"351","Slot 1","Clearing","Cleared","10-6 BER threshold exceeded","Tue 24-Mar-2015  18:15:42.2 (GMT-06:00)","SYS",""
"352","Slot 1","Raising","Warning","10-6 BER threshold exceeded","Tue 24-Mar-2015  20:19:45.2 (GMT-06:00)","SYS",""
"353","Slot 1","Clearing","Cleared","10-6 BER threshold exceeded","Tue 24-Mar-2015  20:19:54.2 (GMT-06:00)","SYS",""
"354","Slot 1","Raising","Major","Demodulator not locked","Sat 28-Mar-2015  14:09:18.6 (GMT-06:00)","SYS",""
"355","Slot 1","Clearing","Cleared","Demodulator not locked","Sat 28-Mar-2015  14:09:19.0 (GMT-06:00)","SYS",""
"356","Slot 1","Raising","Warning","10-6 BER threshold exceeded","Sat 28-Mar-2015  14:09:19.2 (GMT-06:00)","SYS",""
"357","Slot 1","Clearing","Cleared","10-6 BER threshold exceeded","Sat 28-Mar-2015  14:09:29.1 (GMT-06:00)","SYS",""
"358","Slot 1","Raising","Warning","10-6 BER threshold exceeded","Sun 29-Mar-2015  20:02:04.1 (GMT-06:00)","SYS",""
"359","Slot 1","Clearing","Cleared","10-6 BER threshold exceeded","Sun 29-Mar-2015  20:02:13.1 (GMT-06:00)","SYS",""
"360","Slot 1","Raising","Warning","10-6 BER threshold exceeded","Tue 31-Mar-2015  18:24:06.1 (GMT-06:00)","SYS",""
"361","Slot 1","Clearing","Cleared","10-6 BER threshold exceeded","Tue 31-Mar-2015  18:24:15.1 (GMT-06:00)","SYS",""
"362","Slot 1","Raising","Warning","10-6 BER threshold exceeded","Wed 01-Apr-2015  20:46:59.1 (GMT-06:00)","SYS",""
"363","Slot 1","Clearing","Cleared","10-6 BER threshold exceeded","Wed 01-Apr-2015  20:47:08.1 (GMT-06:00)","SYS",""
"364","Slot 1","Raising","Warning","10-6 BER threshold exceeded","Wed 01-Apr-2015  22:16:06.1 (GMT-06:00)","SYS",""
"365","Slot 1","Clearing","Cleared","10-6 BER threshold exceeded","Wed 01-Apr-2015  22:16:15.1 (GMT-06:00)","SYS",""
"366","Slot 1","Raising","Warning","10-6 BER threshold exceeded","Fri 03-Apr-2015  12:44:16.0 (GMT-06:00)","SYS",""
"367","Slot 1","Clearing","Cleared","10-6 BER threshold exceeded","Fri 03-Apr-2015  12:44:25.0 (GMT-06:00)","SYS",""
"368","Slot 1","Raising","Warning","10-6 BER threshold exceeded","Mon 06-Apr-2015  13:57:00.1 (GMT-06:00)","SYS",""
"369","Slot 1","Clearing","Cleared","10-6 BER threshold exceeded","Mon 06-Apr-2015  13:57:09.1 (GMT-06:00)","SYS",""
"370","Slot 1","Raising","Major","Demodulator not locked","Tue 07-Apr-2015  20:22:22.2 (GMT-06:00)","SYS",""
"371","Slot 1","Clearing","Cleared","Demodulator not locked","Tue 07-Apr-2015  20:22:22.4 (GMT-06:00)","SYS",""
"372","Slot 1","Raising","Warning","10-6 BER threshold exceeded","Tue 07-Apr-2015  20:22:23.0 (GMT-06:00)","SYS",""
"373","Slot 1","Clearing","Cleared","10-6 BER threshold exceeded","Tue 07-Apr-2015  20:22:32.0 (GMT-06:00)","SYS",""
"374","Slot 1","Raising","Warning","10-6 BER threshold exceeded","Tue 07-Apr-2015  22:46:09.0 (GMT-06:00)","SYS",""
"375","Slot 1","Clearing","Cleared","10-6 BER threshold exceeded","Tue 07-Apr-2015  22:46:18.0 (GMT-06:00)","SYS",""
"376","Slot 1","Raising","Major","Demodulator not locked","Wed 08-Apr-2015  16:45:56.8 (GMT-06:00)","SYS",""
"377","Slot 1","Clearing","Cleared","Demodulator not locked","Wed 08-Apr-2015  16:45:57.0 (GMT-06:00)","SYS",""
"378","Slot 1","Raising","Warning","10-6 BER threshold exceeded","Wed 08-Apr-2015  16:45:58.0 (GMT-06:00)","SYS",""
"379","Slot 1","Clearing","Cleared","10-6 BER threshold exceeded","Wed 08-Apr-2015  16:46:07.0 (GMT-06:00)","SYS",""
"380","Slot 1","Raising","Warning","10-6 BER threshold exceeded","Thu 09-Apr-2015  20:05:38.0 (GMT-06:00)","SYS",""
"381","Slot 1","Raising","Warning","10-3 BER threshold exceeded","Thu 09-Apr-2015  20:05:42.0 (GMT-06:00)","SYS",""
"382","Slot 1","Clearing","Cleared","10-3 BER threshold exceeded","Thu 09-Apr-2015  20:05:58.0 (GMT-06:00)","SYS",""
"383","Slot 1","Clearing","Cleared","10-6 BER threshold exceeded","Thu 09-Apr-2015  20:06:02.0 (GMT-06:00)","SYS",""
"384","Slot 1","Raising","Warning","ESR threshold exceeded","Thu 09-Apr-2015  20:06:10.0 (GMT-06:00)","SYS",""
"385","Slot 1","Clearing","Cleared","ESR threshold exceeded","Thu 09-Apr-2015  20:07:10.1 (GMT-06:00)","SYS",""
"386","Slot 1","Raising","Warning","10-6 BER threshold exceeded","Fri 10-Apr-2015  20:04:45.1 (GMT-06:00)","SYS",""
"387","Slot 1","Clearing","Cleared","10-6 BER threshold exceeded","Fri 10-Apr-2015  20:04:54.0 (GMT-06:00)","SYS",""
"388","Slot 1","Raising","Warning","10-6 BER threshold exceeded","Thu 16-Apr-2015  04:55:01.0 (GMT-06:00)","SYS",""
"389","Slot 1","Clearing","Cleared","10-6 BER threshold exceeded","Thu 16-Apr-2015  04:55:10.0 (GMT-06:00)","SYS",""
"390","Slot 1","Raising","Warning","10-6 BER threshold exceeded","Thu 16-Apr-2015  15:17:03.1 (GMT-06:00)","SYS",""
"391","Slot 1","Clearing","Cleared","10-6 BER threshold exceeded","Thu 16-Apr-2015  15:17:12.0 (GMT-06:00)","SYS",""
"392","Slot 1","Raising","Warning","10-6 BER threshold exceeded","Sat 18-Apr-2015  16:43:56.1 (GMT-06:00)","SYS",""
"393","Slot 1","Clearing","Cleared","10-6 BER threshold exceeded","Sat 18-Apr-2015  16:44:05.1 (GMT-06:00)","SYS",""
"394","Slot 1","Raising","Major","Demodulator not locked","Wed 22-Apr-2015  20:34:17.0 (GMT-06:00)","SYS",""
"395","Slot 1","Raising","Critical","Traffic path down","Wed 22-Apr-2015  20:34:17.1 (GMT-06:00)","SYS",""
"396","Slot 1","Raising","Warning","10-3 BER threshold exceeded","Wed 22-Apr-2015  20:34:17.1 (GMT-06:00)","SYS",""
"397","Slot 1","Raising","Warning","10-6 BER threshold exceeded","Wed 22-Apr-2015  20:34:17.1 (GMT-06:00)","SYS",""
"398","Slot 1","Clearing","Cleared","Demodulator not locked","Wed 22-Apr-2015  20:34:17.2 (GMT-06:00)","SYS",""
"399","NCC","None","Informational","Event Action created","Wed 22-Apr-2015  20:34:17.2 (GMT-06:00)","SYS","Relay Output 1 Action request sent to 127.0.0.1, Slot1"
"400","NCC","None","Informational","Event Action accepted","Wed 22-Apr-2015  20:34:17.2 (GMT-06:00)","SYS","Relay Output 1 Action request received from 127.0.0.1."
"401","Slot 1","Clearing","Cleared","Traffic path down","Wed 22-Apr-2015  20:34:19.1 (GMT-06:00)","SYS",""
"402","Slot 1","Clearing","Cleared","10-3 BER threshold exceeded","Wed 22-Apr-2015  20:34:19.1 (GMT-06:00)","SYS",""
"403","Slot 1","Clearing","Cleared","10-6 BER threshold exceeded","Wed 22-Apr-2015  20:34:27.1 (GMT-06:00)","SYS",""
"404","Slot 1","Raising","Major","Demodulator not locked","Fri 24-Apr-2015  19:48:24.9 (GMT-06:00)","SYS",""
"405","Slot 1","Raising","Critical","Traffic path down","Fri 24-Apr-2015  19:48:25.1 (GMT-06:00)","SYS",""
"406","Slot 1","Raising","Warning","10-3 BER threshold exceeded","Fri 24-Apr-2015  19:48:25.1 (GMT-06:00)","SYS",""
"407","Slot 1","Raising","Warning","10-6 BER threshold exceeded","Fri 24-Apr-2015  19:48:25.1 (GMT-06:00)","SYS",""
"408","Slot 1","Clearing","Cleared","Demodulator not locked","Fri 24-Apr-2015  19:48:25.1 (GMT-06:00)","SYS",""
"409","NCC","None","Informational","Event Action created","Fri 24-Apr-2015  19:48:25.2 (GMT-06:00)","SYS","Relay Output 1 Action request sent to 127.0.0.1, Slot1"
"410","NCC","None","Informational","Event Action accepted","Fri 24-Apr-2015  19:48:25.2 (GMT-06:00)","SYS","Relay Output 1 Action request received from 127.0.0.1."
"411","Slot 1","Clearing","Cleared","Traffic path down","Fri 24-Apr-2015  19:48:27.1 (GMT-06:00)","SYS",""
"412","Slot 1","Clearing","Cleared","10-3 BER threshold exceeded","Fri 24-Apr-2015  19:48:28.1 (GMT-06:00)","SYS",""
"413","Slot 1","Clearing","Cleared","10-6 BER threshold exceeded","Fri 24-Apr-2015  19:48:36.1 (GMT-06:00)","SYS",""
"414","Slot 1","Raising","Major","Demodulator not locked","Sat 25-Apr-2015  20:10:50.2 (GMT-06:00)","SYS",""
"415","Slot 1","Clearing","Cleared","Demodulator not locked","Sat 25-Apr-2015  20:10:50.4 (GMT-06:00)","SYS",""
"416","Slot 1","Raising","Warning","10-6 BER threshold exceeded","Sat 25-Apr-2015  20:10:51.1 (GMT-06:00)","SYS",""
"417","Slot 1","Clearing","Cleared","10-6 BER threshold exceeded","Sat 25-Apr-2015  20:11:00.1 (GMT-06:00)","SYS",""
"418","Slot 1","Raising","Major","Demodulator not locked","Sun 26-Apr-2015  04:14:10.9 (GMT-06:00)","SYS",""
"419","Slot 1","Raising","Critical","Traffic path down","Sun 26-Apr-2015  04:14:11.1 (GMT-06:00)","SYS",""
"420","Slot 1","Raising","Warning","10-3 BER threshold exceeded","Sun 26-Apr-2015  04:14:11.1 (GMT-06:00)","SYS",""
"421","Slot 1","Raising","Warning","10-6 BER threshold exceeded","Sun 26-Apr-2015  04:14:11.1 (GMT-06:00)","SYS",""
"422","Slot 1","Clearing","Cleared","Demodulator not locked","Sun 26-Apr-2015  04:14:11.3 (GMT-06:00)","SYS",""
"423","NCC","None","Informational","Event Action created","Sun 26-Apr-2015  04:14:11.3 (GMT-06:00)","SYS","Relay Output 1 Action request sent to 127.0.0.1, Slot1"
"424","NCC","None","Informational","Event Action accepted","Sun 26-Apr-2015  04:14:11.3 (GMT-06:00)","SYS","Relay Output 1 Action request received from 127.0.0.1."
"425","Slot 1","Clearing","Cleared","Traffic path down","Sun 26-Apr-2015  04:14:13.1 (GMT-06:00)","SYS",""
"426","Slot 1","Clearing","Cleared","10-3 BER threshold exceeded","Sun 26-Apr-2015  04:14:13.1 (GMT-06:00)","SYS",""
"427","Slot 1","Clearing","Cleared","10-6 BER threshold exceeded","Sun 26-Apr-2015  04:14:21.1 (GMT-06:00)","SYS",""
"428","Slot 1","Raising","Warning","10-6 BER threshold exceeded","Tue 28-Apr-2015  10:07:10.1 (GMT-06:00)","SYS",""
"429","Slot 1","Clearing","Cleared","10-6 BER threshold exceeded","Tue 28-Apr-2015  10:07:33.1 (GMT-06:00)","SYS",""
"430","Slot 1","Raising","Warning","10-6 BER threshold exceeded","Thu 30-Apr-2015  14:10:19.1 (GMT-06:00)","SYS",""
"431","Slot 1","Clearing","Cleared","10-6 BER threshold exceeded","Thu 30-Apr-2015  14:10:28.1 (GMT-06:00)","SYS",""
"432","Slot 1","Raising","Warning","10-6 BER threshold exceeded","Mon 04-May-2015  10:59:38.1 (GMT-06:00)","SYS",""
"433","Slot 1","Clearing","Cleared","10-6 BER threshold exceeded","Mon 04-May-2015  10:59:56.1 (GMT-06:00)","SYS",""
"434","Slot 1","Raising","Warning","ESR threshold exceeded","Mon 04-May-2015  11:00:19.1 (GMT-06:00)","SYS",""
"435","Slot 1","Clearing","Cleared","ESR threshold exceeded","Mon 04-May-2015  11:01:19.1 (GMT-06:00)","SYS",""
"436","Slot 1","Raising","Warning","10-6 BER threshold exceeded","Mon 04-May-2015  22:50:54.1 (GMT-06:00)","SYS",""
"437","Slot 1","Clearing","Cleared","10-6 BER threshold exceeded","Mon 04-May-2015  22:51:03.1 (GMT-06:00)","SYS",""
"438","Slot 1","Raising","Major","Demodulator not locked","Tue 05-May-2015  13:27:15.5 (GMT-06:00)","SYS",""
"439","Slot 1","Clearing","Cleared","Demodulator not locked","Tue 05-May-2015  13:27:15.7 (GMT-06:00)","SYS",""
"440","Slot 1","Raising","Warning","10-6 BER threshold exceeded","Tue 05-May-2015  13:27:17.1 (GMT-06:00)","SYS",""
"441","Slot 1","Clearing","Cleared","10-6 BER threshold exceeded","Tue 05-May-2015  13:27:26.1 (GMT-06:00)","SYS",""
"442","Slot 1","Raising","Major","Demodulator not locked","Wed 06-May-2015  12:38:55.2 (GMT-06:00)","SYS",""
"443","Slot 1","Clearing","Cleared","Demodulator not locked","Wed 06-May-2015  12:38:55.4 (GMT-06:00)","SYS",""
"444","Slot 1","Raising","Warning","10-6 BER threshold exceeded","Wed 06-May-2015  12:38:56.1 (GMT-06:00)","SYS",""
"445","Slot 1","Clearing","Cleared","10-6 BER threshold exceeded","Wed 06-May-2015  12:39:06.1 (GMT-06:00)","SYS",""
"446","Slot 1","Raising","Warning","10-6 BER threshold exceeded","Mon 18-May-2015  18:35:42.1 (GMT-06:00)","SYS",""
"447","Slot 1","Clearing","Cleared","10-6 BER threshold exceeded","Mon 18-May-2015  18:35:51.1 (GMT-06:00)","SYS",""
"448","Slot 1","Raising","Warning","10-6 BER threshold exceeded","Mon 18-May-2015  21:55:59.1 (GMT-06:00)","SYS",""
"449","Slot 1","Clearing","Cleared","10-6 BER threshold exceeded","Mon 18-May-2015  21:56:09.0 (GMT-06:00)","SYS",""
"450","Slot 3","Raising","Warning","Port 3 Ethernet down","Tue 19-May-2015  19:58:17.4 (GMT-06:00)","SYS",""
"451","Slot 3","Clearing","Cleared","Port 3 Ethernet down","Tue 19-May-2015  19:58:20.4 (GMT-06:00)","SYS",""
"452","Slot 3","Raising","Warning","Port 3 Ethernet down","Tue 19-May-2015  19:58:22.1 (GMT-06:00)","SYS",""
"453","Slot 3","Clearing","Cleared","Port 3 Ethernet down","Tue 19-May-2015  19:58:34.8 (GMT-06:00)","SYS",""
"454","Slot 3","Raising","Warning","Port 3 Ethernet down","Tue 19-May-2015  19:59:44.6 (GMT-06:00)","SYS",""
"455","Slot 3","Clearing","Cleared","Port 3 Ethernet down","Tue 19-May-2015  19:59:54.5 (GMT-06:00)","SYS",""
"456","Slot 3","Raising","Warning","Port 3 Ethernet down","Tue 19-May-2015  20:00:24.8 (GMT-06:00)","SYS",""
"457","Slot 3","Clearing","Cleared","Port 3 Ethernet down","Tue 19-May-2015  20:00:26.5 (GMT-06:00)","SYS",""
"458","Slot 3","Raising","Warning","Port 3 Ethernet down","Tue 19-May-2015  20:00:26.8 (GMT-06:00)","SYS",""
"459","Slot 3","Clearing","Cleared","Port 3 Ethernet down","Tue 19-May-2015  20:02:59.2 (GMT-06:00)","SYS",""
"460","Slot 3","Raising","Warning","Port 3 Ethernet down","Tue 19-May-2015  20:09:50.9 (GMT-06:00)","SYS",""
"461","Slot 3","Clearing","Cleared","Port 3 Ethernet down","Tue 19-May-2015  20:09:54.0 (GMT-06:00)","SYS",""
"462","Slot 3","Raising","Warning","Port 3 Ethernet down","Tue 19-May-2015  20:17:19.2 (GMT-06:00)","SYS",""
"463","Slot 3","Clearing","Cleared","Port 3 Ethernet down","Tue 19-May-2015  20:20:14.5 (GMT-06:00)","SYS",""
"464","Slot 1","Raising","Warning","10-6 BER threshold exceeded","Wed 20-May-2015  07:32:00.1 (GMT-06:00)","SYS",""
"465","Slot 1","Raising","Warning","10-3 BER threshold exceeded","Wed 20-May-2015  07:32:03.0 (GMT-06:00)","SYS",""
"466","Slot 1","Raising","Warning","ESR threshold exceeded","Wed 20-May-2015  07:32:20.0 (GMT-06:00)","SYS",""
"467","Slot 1","Clearing","Cleared","10-3 BER threshold exceeded","Wed 20-May-2015  07:32:29.0 (GMT-06:00)","SYS",""
"468","Slot 1","Clearing","Cleared","10-6 BER threshold exceeded","Wed 20-May-2015  07:32:34.0 (GMT-06:00)","SYS",""
"469","Slot 1","Clearing","Cleared","ESR threshold exceeded","Wed 20-May-2015  07:33:20.0 (GMT-06:00)","SYS",""
"470","Slot 3","Raising","Warning","Port 3 Ethernet down","Wed 20-May-2015  21:07:05.3 (GMT-06:00)","SYS",""
"471","Slot 3","Clearing","Cleared","Port 3 Ethernet down","Wed 20-May-2015  21:07:08.9 (GMT-06:00)","SYS",""
"472","Slot 3","Raising","Warning","Port 3 Ethernet down","Wed 20-May-2015  21:08:10.3 (GMT-06:00)","SYS",""
"473","Slot 3","Clearing","Cleared","Port 3 Ethernet down","Wed 20-May-2015  21:08:18.0 (GMT-06:00)","SYS",""
"474","Slot 3","Raising","Warning","Port 3 Ethernet down","Wed 20-May-2015  21:08:31.7 (GMT-06:00)","SYS",""
"475","Slot 3","Clearing","Cleared","Port 3 Ethernet down","Wed 20-May-2015  21:08:33.3 (GMT-06:00)","SYS",""
"476","Slot 3","Raising","Warning","Port 3 Ethernet down","Wed 20-May-2015  21:08:53.3 (GMT-06:00)","SYS",""
"477","Slot 3","Clearing","Cleared","Port 3 Ethernet down","Wed 20-May-2015  21:09:05.1 (GMT-06:00)","SYS",""
"478","Slot 3","Raising","Warning","Port 3 Ethernet down","Wed 20-May-2015  21:12:46.6 (GMT-06:00)","SYS",""
"479","Slot 3","Clearing","Cleared","Port 3 Ethernet down","Wed 20-May-2015  21:13:14.1 (GMT-06:00)","SYS",""
"480","Slot 3","None","Informational","GE3 port protection","Wed 20-May-2015  21:22:36.3 (GMT-06:00)","SYS","attempted to switch  but blocked
"
"481","NCC","None","Informational","Protection switch","Wed 20-May-2015  21:22:37.4 (GMT-06:00)","SYS","Ethernet output switched on because partner radio ethernet off"
"482","Slot 1","Raising","Major","Demodulator not locked","Thu 21-May-2015  14:40:23.7 (GMT-06:00)","SYS",""
"483","Slot 1","Raising","Critical","Traffic path down","Thu 21-May-2015  14:40:24.1 (GMT-06:00)","SYS",""
"484","Slot 1","Raising","Warning","10-3 BER threshold exceeded","Thu 21-May-2015  14:40:24.1 (GMT-06:00)","SYS",""
"485","Slot 1","Raising","Warning","10-6 BER threshold exceeded","Thu 21-May-2015  14:40:24.1 (GMT-06:00)","SYS",""
"486","Slot 1","Clearing","Cleared","Demodulator not locked","Thu 21-May-2015  14:40:24.2 (GMT-06:00)","SYS",""
"487","NCC","None","Informational","Event Action created","Thu 21-May-2015  14:40:24.2 (GMT-06:00)","SYS","Relay Output 1 Action request sent to 127.0.0.1, Slot1"
"488","NCC","None","Informational","Event Action accepted","Thu 21-May-2015  14:40:24.2 (GMT-06:00)","SYS","Relay Output 1 Action request received from 127.0.0.1."
"489","Slot 1","Clearing","Cleared","Traffic path down","Thu 21-May-2015  14:40:26.1 (GMT-06:00)","SYS",""
"490","Slot 1","Clearing","Cleared","10-3 BER threshold exceeded","Thu 21-May-2015  14:40:26.1 (GMT-06:00)","SYS",""
"491","Slot 1","Clearing","Cleared","10-6 BER threshold exceeded","Thu 21-May-2015  14:40:34.1 (GMT-06:00)","SYS",""
"492","Slot 1","Raising","Warning","10-6 BER threshold exceeded","Sat 23-May-2015  06:34:05.1 (GMT-06:00)","SYS",""
"493","Slot 1","Raising","Warning","ESR threshold exceeded","Sat 23-May-2015  06:34:21.1 (GMT-06:00)","SYS",""
"494","Slot 1","Clearing","Cleared","10-6 BER threshold exceeded","Sat 23-May-2015  06:34:36.1 (GMT-06:00)","SYS",""
"495","Slot 1","Clearing","Cleared","ESR threshold exceeded","Sat 23-May-2015  06:35:21.1 (GMT-06:00)","SYS",""
"496","Slot 1","Raising","Warning","10-6 BER threshold exceeded","Sat 23-May-2015  22:36:18.1 (GMT-06:00)","SYS",""
"497","Slot 1","Clearing","Cleared","10-6 BER threshold exceeded","Sat 23-May-2015  22:36:27.1 (GMT-06:00)","SYS",""
"498","Slot 1","Raising","Warning","10-6 BER threshold exceeded","Tue 26-May-2015  05:36:36.1 (GMT-06:00)","SYS",""
"499","Slot 1","Clearing","Cleared","10-6 BER threshold exceeded","Tue 26-May-2015  05:36:48.1 (GMT-06:00)","SYS",""
"500","Slot 3","Raising","Warning","Port 3 Ethernet down","Tue 26-May-2015  15:54:43.2 (GMT-06:00)","SYS",""
"501","Slot 3","Raising","Warning","Port 1 Ethernet down","Tue 26-May-2015  15:54:43.3 (GMT-06:00)","SYS",""
"502","Slot 3","Raising","Warning","Port 2 Ethernet down","Tue 26-May-2015  15:54:43.3 (GMT-06:00)","SYS",""
"503","Slot 3","Clearing","Cleared","Port 3 Ethernet down","Tue 26-May-2015  15:55:08.2 (GMT-06:00)","SYS",""
"504","Slot 3","Clearing","Cleared","Port 1 Ethernet down","Tue 26-May-2015  15:55:08.2 (GMT-06:00)","SYS",""
"505","Slot 3","Clearing","Cleared","Port 2 Ethernet down","Tue 26-May-2015  15:55:08.3 (GMT-06:00)","SYS",""
"506","Slot 1","Raising","Major","Demodulator not locked","Tue 26-May-2015  22:58:20.6 (GMT-06:00)","SYS",""
"507","Slot 1","Clearing","Cleared","Demodulator not locked","Tue 26-May-2015  22:58:21.0 (GMT-06:00)","SYS",""
"508","Slot 1","Raising","Warning","10-6 BER threshold exceeded","Tue 26-May-2015  22:58:22.1 (GMT-06:00)","SYS",""
"509","Slot 1","Clearing","Cleared","10-6 BER threshold exceeded","Tue 26-May-2015  22:58:31.1 (GMT-06:00)","SYS",""
"510","Slot 1","Raising","Warning","10-6 BER threshold exceeded","Fri 29-May-2015  15:12:17.1 (GMT-06:00)","SYS",""
"511","Slot 1","Clearing","Cleared","10-6 BER threshold exceeded","Fri 29-May-2015  15:12:26.0 (GMT-06:00)","SYS",""
"512","Slot 1","Raising","Warning","10-6 BER threshold exceeded","Sun 31-May-2015  20:15:37.1 (GMT-06:00)","SYS",""
"513","Slot 1","Clearing","Cleared","10-6 BER threshold exceeded","Sun 31-May-2015  20:15:46.0 (GMT-06:00)","SYS",""
"514","Slot 1","Raising","Warning","10-6 BER threshold exceeded","Mon 01-Jun-2015  03:40:31.0 (GMT-06:00)","SYS",""
"515","Slot 1","Raising","Warning","10-3 BER threshold exceeded","Mon 01-Jun-2015  03:40:33.0 (GMT-06:00)","SYS",""
"516","Slot 1","Clearing","Cleared","10-3 BER threshold exceeded","Mon 01-Jun-2015  03:40:49.0 (GMT-06:00)","SYS",""
"517","Slot 1","Clearing","Cleared","10-6 BER threshold exceeded","Mon 01-Jun-2015  03:41:00.0 (GMT-06:00)","SYS",""
"518","Slot 1","Raising","Warning","ESR threshold exceeded","Mon 01-Jun-2015  03:41:23.1 (GMT-06:00)","SYS",""
"519","Slot 1","Clearing","Cleared","ESR threshold exceeded","Mon 01-Jun-2015  03:42:23.0 (GMT-06:00)","SYS",""
"520","Slot 1","Raising","Warning","10-6 BER threshold exceeded","Tue 02-Jun-2015  13:49:29.1 (GMT-06:00)","SYS",""
"521","Slot 1","Clearing","Cleared","10-6 BER threshold exceeded","Tue 02-Jun-2015  13:49:38.0 (GMT-06:00)","SYS",""
"522","Slot 1","Raising","Warning","10-6 BER threshold exceeded","Tue 02-Jun-2015  15:08:43.0 (GMT-06:00)","SYS",""
"523","Slot 1","Clearing","Cleared","10-6 BER threshold exceeded","Tue 02-Jun-2015  15:08:52.0 (GMT-06:00)","SYS",""
"524","Slot 1","Raising","Warning","10-6 BER threshold exceeded","Wed 03-Jun-2015  15:22:54.0 (GMT-06:00)","SYS",""
"525","Slot 1","Clearing","Cleared","10-6 BER threshold exceeded","Wed 03-Jun-2015  15:23:10.0 (GMT-06:00)","SYS",""
"526","Slot 1","Raising","Warning","ESR threshold exceeded","Wed 03-Jun-2015  15:23:24.0 (GMT-06:00)","SYS",""
"527","Slot 1","Clearing","Cleared","ESR threshold exceeded","Wed 03-Jun-2015  15:24:24.0 (GMT-06:00)","SYS",""
"528","Slot 1","Raising","Warning","10-6 BER threshold exceeded","Thu 04-Jun-2015  17:09:00.9 (GMT-06:00)","SYS",""
"529","Slot 1","Clearing","Cleared","10-6 BER threshold exceeded","Thu 04-Jun-2015  17:09:10.9 (GMT-06:00)","SYS",""
"530","Slot 1","Raising","Warning","10-6 BER threshold exceeded","Fri 05-Jun-2015  22:04:11.9 (GMT-06:00)","SYS",""
"531","Slot 1","Clearing","Cleared","10-6 BER threshold exceeded","Fri 05-Jun-2015  22:04:20.9 (GMT-06:00)","SYS",""
"532","Slot 1","Raising","Critical","Traffic path down","Sat 06-Jun-2015  22:59:05.5 (GMT-06:00)","SYS",""
"533","NCC","None","Informational","Event Action created","Sat 06-Jun-2015  22:59:05.7 (GMT-06:00)","SYS","Relay Output 1 Action request sent to 127.0.0.1, Slot1"
"534","NCC","None","Informational","Event Action accepted","Sat 06-Jun-2015  22:59:05.8 (GMT-06:00)","SYS","Relay Output 1 Action request received from 127.0.0.1."
"535","Slot 1","Raising","Warning","10-6 BER threshold exceeded","Sat 06-Jun-2015  22:59:05.9 (GMT-06:00)","SYS",""
"536","Slot 1","Clearing","Cleared","Traffic path down","Sat 06-Jun-2015  22:59:07.8 (GMT-06:00)","SYS",""
"537","Slot 1","Clearing","Cleared","10-6 BER threshold exceeded","Sat 06-Jun-2015  22:59:15.9 (GMT-06:00)","SYS",""
"538","Slot 1","Raising","Warning","10-6 BER threshold exceeded","Tue 09-Jun-2015  22:33:43.9 (GMT-06:00)","SYS",""
"539","Slot 1","Clearing","Cleared","10-6 BER threshold exceeded","Tue 09-Jun-2015  22:33:52.9 (GMT-06:00)","SYS",""
"540","Slot 1","Raising","Warning","10-6 BER threshold exceeded","Wed 10-Jun-2015  21:44:16.0 (GMT-06:00)","SYS",""
"541","Slot 1","Clearing","Cleared","10-6 BER threshold exceeded","Wed 10-Jun-2015  21:44:25.9 (GMT-06:00)","SYS",""
"542","Slot 1","Raising","Warning","10-6 BER threshold exceeded","Thu 11-Jun-2015  14:07:23.9 (GMT-06:00)","SYS",""
"543","Slot 1","Clearing","Cleared","10-6 BER threshold exceeded","Thu 11-Jun-2015  14:07:32.9 (GMT-06:00)","SYS",""
"544","Slot 1","Raising","Major","Demodulator not locked","Thu 18-Jun-2015  16:41:37.1 (GMT-06:00)","SYS",""
"545","Slot 1","Clearing","Cleared","Demodulator not locked","Thu 18-Jun-2015  16:41:37.3 (GMT-06:00)","SYS",""
"546","Slot 1","Raising","Warning","10-6 BER threshold exceeded","Thu 18-Jun-2015  16:41:37.9 (GMT-06:00)","SYS",""
"547","Slot 1","Clearing","Cleared","10-6 BER threshold exceeded","Thu 18-Jun-2015  16:41:46.9 (GMT-06:00)","SYS",""
"548","Slot 1","Raising","Warning","10-6 BER threshold exceeded","Fri 19-Jun-2015  15:34:00.9 (GMT-06:00)","SYS",""
"549","Slot 1","Clearing","Cleared","10-6 BER threshold exceeded","Fri 19-Jun-2015  15:34:08.9 (GMT-06:00)","SYS",""
"550","Slot 1","Raising","Warning","10-6 BER threshold exceeded","Tue 23-Jun-2015  22:16:03.9 (GMT-06:00)","SYS",""
"551","Slot 1","Clearing","Cleared","10-6 BER threshold exceeded","Tue 23-Jun-2015  22:16:12.9 (GMT-06:00)","SYS",""
"552","Slot 1","Raising","Warning","10-6 BER threshold exceeded","Thu 25-Jun-2015  13:50:55.7 (GMT-06:00)","SYS",""
"553","Slot 1","Clearing","Cleared","10-6 BER threshold exceeded","Thu 25-Jun-2015  13:51:04.7 (GMT-06:00)","SYS",""
"554","Slot 1","Raising","Warning","10-6 BER threshold exceeded","Sun 28-Jun-2015  14:39:32.8 (GMT-06:00)","SYS",""
"555","Slot 1","Clearing","Cleared","10-6 BER threshold exceeded","Sun 28-Jun-2015  14:39:42.8 (GMT-06:00)","SYS",""
"556","Slot 1","Raising","Warning","10-6 BER threshold exceeded","Wed 01-Jul-2015  20:41:03.8 (GMT-06:00)","SYS",""
"557","Slot 1","Clearing","Cleared","10-6 BER threshold exceeded","Wed 01-Jul-2015  20:41:12.8 (GMT-06:00)","SYS",""
"558","Slot 1","Raising","Major","Demodulator not locked","Wed 01-Jul-2015  20:47:02.7 (GMT-06:00)","SYS",""
"559","Slot 1","Raising","Critical","Traffic path down","Wed 01-Jul-2015  20:47:02.8 (GMT-06:00)","SYS",""
"560","Slot 1","Raising","Warning","10-3 BER threshold exceeded","Wed 01-Jul-2015  20:47:02.8 (GMT-06:00)","SYS",""
"561","Slot 1","Raising","Warning","10-6 BER threshold exceeded","Wed 01-Jul-2015  20:47:02.8 (GMT-06:00)","SYS",""
"562","NCC","None","Informational","Event Action created","Wed 01-Jul-2015  20:47:02.9 (GMT-06:00)","SYS","Relay Output 1 Action request sent to 127.0.0.1, Slot1"
"563","NCC","None","Informational","Event Action accepted","Wed 01-Jul-2015  20:47:02.9 (GMT-06:00)","SYS","Relay Output 1 Action request received from 127.0.0.1."
"564","Slot 1","Clearing","Cleared","Demodulator not locked","Wed 01-Jul-2015  20:47:03.0 (GMT-06:00)","SYS",""
"565","Slot 1","Clearing","Cleared","Traffic path down","Wed 01-Jul-2015  20:47:04.8 (GMT-06:00)","SYS",""
"566","Slot 1","Clearing","Cleared","10-3 BER threshold exceeded","Wed 01-Jul-2015  20:47:04.8 (GMT-06:00)","SYS",""
"567","Slot 1","Clearing","Cleared","10-6 BER threshold exceeded","Wed 01-Jul-2015  20:47:12.8 (GMT-06:00)","SYS",""
"568","Slot 1","Raising","Major","Demodulator not locked","Wed 01-Jul-2015  23:34:15.7 (GMT-06:00)","SYS",""
"569","Slot 1","Raising","Critical","Traffic path down","Wed 01-Jul-2015  23:34:15.8 (GMT-06:00)","SYS",""
"570","Slot 1","Raising","Warning","10-3 BER threshold exceeded","Wed 01-Jul-2015  23:34:15.8 (GMT-06:00)","SYS",""
"571","Slot 1","Raising","Warning","10-6 BER threshold exceeded","Wed 01-Jul-2015  23:34:15.8 (GMT-06:00)","SYS",""
"572","NCC","None","Informational","Event Action created","Wed 01-Jul-2015  23:34:15.8 (GMT-06:00)","SYS","Relay Output 1 Action request sent to 127.0.0.1, Slot1"
"573","NCC","None","Informational","Event Action accepted","Wed 01-Jul-2015  23:34:15.9 (GMT-06:00)","SYS","Relay Output 1 Action request received from 127.0.0.1."
"574","Slot 1","Clearing","Cleared","Demodulator not locked","Wed 01-Jul-2015  23:34:15.9 (GMT-06:00)","SYS",""
"575","Slot 1","Clearing","Cleared","10-3 BER threshold exceeded","Wed 01-Jul-2015  23:34:17.8 (GMT-06:00)","SYS",""
"576","Slot 1","Clearing","Cleared","Traffic path down","Wed 01-Jul-2015  23:34:17.8 (GMT-06:00)","SYS",""
"577","Slot 1","Clearing","Cleared","10-6 BER threshold exceeded","Wed 01-Jul-2015  23:34:26.8 (GMT-06:00)","SYS",""
"578","Slot 1","Raising","Major","Demodulator not locked","Mon 06-Jul-2015  20:10:42.8 (GMT-06:00)","SYS",""
"579","Slot 1","Raising","Critical","Traffic path down","Mon 06-Jul-2015  20:10:42.9 (GMT-06:00)","SYS",""
"580","Slot 1","Raising","Warning","10-3 BER threshold exceeded","Mon 06-Jul-2015  20:10:42.9 (GMT-06:00)","SYS",""
"581","Slot 1","Raising","Warning","10-6 BER threshold exceeded","Mon 06-Jul-2015  20:10:42.9 (GMT-06:00)","SYS",""
"582","NCC","None","Informational","Event Action created","Mon 06-Jul-2015  20:10:42.9 (GMT-06:00)","SYS","Relay Output 1 Action request sent to 127.0.0.1, Slot1"
"583","NCC","None","Informational","Event Action accepted","Mon 06-Jul-2015  20:10:42.9 (GMT-06:00)","SYS","Relay Output 1 Action request received from 127.0.0.1."
"584","Slot 1","Clearing","Cleared","Demodulator not locked","Mon 06-Jul-2015  20:10:43.0 (GMT-06:00)","SYS",""
"585","Slot 1","Clearing","Cleared","Traffic path down","Mon 06-Jul-2015  20:10:44.9 (GMT-06:00)","SYS",""
"586","Slot 1","Clearing","Cleared","10-3 BER threshold exceeded","Mon 06-Jul-2015  20:10:44.9 (GMT-06:00)","SYS",""
"587","Slot 1","Clearing","Cleared","10-6 BER threshold exceeded","Mon 06-Jul-2015  20:10:52.9 (GMT-06:00)","SYS",""
"588","Slot 1","Raising","Warning","10-6 BER threshold exceeded","Mon 06-Jul-2015  21:28:45.9 (GMT-06:00)","SYS",""
"589","Slot 1","Clearing","Cleared","10-6 BER threshold exceeded","Mon 06-Jul-2015  21:28:54.9 (GMT-06:00)","SYS",""
"590","Slot 1","Raising","Major","Demodulator not locked","Tue 07-Jul-2015  22:33:35.2 (GMT-06:00)","SYS",""
"591","Slot 1","Clearing","Cleared","Demodulator not locked","Tue 07-Jul-2015  22:33:35.4 (GMT-06:00)","SYS",""
"592","Slot 1","Raising","Warning","10-6 BER threshold exceeded","Tue 07-Jul-2015  22:33:35.9 (GMT-06:00)","SYS",""
"593","Slot 1","Clearing","Cleared","10-6 BER threshold exceeded","Tue 07-Jul-2015  22:33:44.9 (GMT-06:00)","SYS",""
"594","Slot 1","Raising","Warning","10-6 BER threshold exceeded","Wed 08-Jul-2015  22:40:37.9 (GMT-06:00)","SYS",""
"595","Slot 1","Clearing","Cleared","10-6 BER threshold exceeded","Wed 08-Jul-2015  22:40:46.9 (GMT-06:00)","SYS",""
"596","Slot 1","Raising","Warning","10-6 BER threshold exceeded","Thu 09-Jul-2015  16:30:43.9 (GMT-06:00)","SYS",""
"597","Slot 1","Clearing","Cleared","10-6 BER threshold exceeded","Thu 09-Jul-2015  16:30:52.9 (GMT-06:00)","SYS",""
"598","Slot 1","Raising","Warning","10-6 BER threshold exceeded","Wed 15-Jul-2015  22:41:02.9 (GMT-06:00)","SYS",""
"599","Slot 1","Clearing","Cleared","10-6 BER threshold exceeded","Wed 15-Jul-2015  22:41:11.8 (GMT-06:00)","SYS",""
"600","Slot 1","Raising","Major","Demodulator not locked","Thu 16-Jul-2015  23:54:53.3 (GMT-06:00)","SYS",""
"601","Slot 1","Clearing","Cleared","Demodulator not locked","Thu 16-Jul-2015  23:54:53.5 (GMT-06:00)","SYS",""
"602","Slot 1","Raising","Warning","10-6 BER threshold exceeded","Thu 16-Jul-2015  23:54:54.9 (GMT-06:00)","SYS",""
"603","Slot 1","Clearing","Cleared","10-6 BER threshold exceeded","Thu 16-Jul-2015  23:55:03.8 (GMT-06:00)","SYS",""
"604","Slot 1","Raising","Warning","10-6 BER threshold exceeded","Tue 21-Jul-2015  20:11:22.8 (GMT-06:00)","SYS",""
"605","Slot 1","Clearing","Cleared","10-6 BER threshold exceeded","Tue 21-Jul-2015  20:11:31.8 (GMT-06:00)","SYS",""
"606","Slot 1","Raising","Warning","10-6 BER threshold exceeded","Tue 21-Jul-2015  20:13:23.8 (GMT-06:00)","SYS",""
"607","Slot 1","Clearing","Cleared","10-6 BER threshold exceeded","Tue 21-Jul-2015  20:13:32.8 (GMT-06:00)","SYS",""
"608","Slot 1","Raising","Warning","10-6 BER threshold exceeded","Sun 26-Jul-2015  04:16:56.8 (GMT-06:00)","SYS",""
"609","Slot 1","Clearing","Cleared","10-6 BER threshold exceeded","Sun 26-Jul-2015  04:17:05.8 (GMT-06:00)","SYS",""
"610","Slot 1","Raising","Warning","10-6 BER threshold exceeded","Wed 29-Jul-2015  13:48:20.8 (GMT-06:00)","SYS",""
"611","Slot 1","Clearing","Cleared","10-6 BER threshold exceeded","Wed 29-Jul-2015  13:48:29.8 (GMT-06:00)","SYS",""
"612","Slot 1","Raising","Warning","10-6 BER threshold exceeded","Mon 03-Aug-2015  03:17:28.7 (GMT-06:00)","SYS",""
"613","Slot 1","Clearing","Cleared","10-6 BER threshold exceeded","Mon 03-Aug-2015  03:17:36.7 (GMT-06:00)","SYS",""
"614","Slot 1","Raising","Major","Demodulator not locked","Mon 03-Aug-2015  23:22:24.2 (GMT-06:00)","SYS",""
"615","Slot 1","Clearing","Cleared","Demodulator not locked","Mon 03-Aug-2015  23:22:24.4 (GMT-06:00)","SYS",""
"616","Slot 1","Raising","Critical","Traffic path down","Mon 03-Aug-2015  23:22:24.5 (GMT-06:00)","SYS",""
"617","NCC","None","Informational","Event Action created","Mon 03-Aug-2015  23:22:24.6 (GMT-06:00)","SYS","Relay Output 1 Action request sent to 127.0.0.1, Slot1"
"618","NCC","None","Informational","Event Action accepted","Mon 03-Aug-2015  23:22:24.6 (GMT-06:00)","SYS","Relay Output 1 Action request received from 127.0.0.1."
"619","Slot 1","Clearing","Cleared","Traffic path down","Mon 03-Aug-2015  23:22:25.5 (GMT-06:00)","SYS",""
"620","Slot 1","Raising","Warning","10-6 BER threshold exceeded","Mon 03-Aug-2015  23:22:25.8 (GMT-06:00)","SYS",""
"621","Slot 1","Clearing","Cleared","10-6 BER threshold exceeded","Mon 03-Aug-2015  23:22:34.7 (GMT-06:00)","SYS",""
"622","Slot 1","Raising","Warning","10-6 BER threshold exceeded","Wed 05-Aug-2015  22:33:18.8 (GMT-06:00)","SYS",""
"623","Slot 1","Clearing","Cleared","10-6 BER threshold exceeded","Wed 05-Aug-2015  22:33:27.7 (GMT-06:00)","SYS",""
"624","Slot 3","Raising","Warning","Port 3 Ethernet down","Fri 07-Aug-2015  22:09:12.4 (GMT-06:00)","SYS",""
"625","Slot 3","Clearing","Cleared","Port 3 Ethernet down","Fri 07-Aug-2015  22:09:18.8 (GMT-06:00)","SYS",""
"626","Slot 3","Raising","Warning","Port 3 Ethernet down","Fri 07-Aug-2015  22:09:40.0 (GMT-06:00)","SYS",""
"627","Slot 3","Clearing","Cleared","Port 3 Ethernet down","Fri 07-Aug-2015  22:10:00.4 (GMT-06:00)","SYS",""
"628","Slot 3","Raising","Warning","Port 3 Ethernet down","Fri 07-Aug-2015  22:10:29.8 (GMT-06:00)","SYS",""
"629","Slot 3","Clearing","Cleared","Port 3 Ethernet down","Fri 07-Aug-2015  22:10:31.4 (GMT-06:00)","SYS",""
"630","Slot 3","Raising","Warning","Port 2 Ethernet down","Fri 07-Aug-2015  22:23:58.1 (GMT-06:00)","SYS",""
"631","Slot 3","Clearing","Cleared","Port 2 Ethernet down","Fri 07-Aug-2015  22:24:00.6 (GMT-06:00)","SYS",""
"632","Slot 3","Raising","Warning","Port 2 Ethernet down","Fri 07-Aug-2015  22:26:27.8 (GMT-06:00)","SYS",""
"633","Slot 3","Clearing","Cleared","Port 2 Ethernet down","Fri 07-Aug-2015  22:26:34.7 (GMT-06:00)","SYS",""
"634","Slot 3","Raising","Warning","Port 1 Ethernet down","Fri 07-Aug-2015  22:34:18.4 (GMT-06:00)","SYS",""
"635","Slot 3","Clearing","Cleared","Port 1 Ethernet down","Fri 07-Aug-2015  22:34:21.3 (GMT-06:00)","SYS",""
"636","Slot 3","Raising","Warning","Port 1 Ethernet down","Fri 07-Aug-2015  22:34:55.9 (GMT-06:00)","SYS",""
"637","Slot 3","Clearing","Cleared","Port 1 Ethernet down","Fri 07-Aug-2015  22:35:01.2 (GMT-06:00)","SYS",""
"638","Slot 1","Raising","Warning","10-6 BER threshold exceeded","Tue 11-Aug-2015  12:02:27.7 (GMT-06:00)","SYS",""
"639","Slot 1","Clearing","Cleared","10-6 BER threshold exceeded","Tue 11-Aug-2015  12:02:36.7 (GMT-06:00)","SYS",""
"640","Slot 1","Raising","Major","Demodulator not locked","Wed 12-Aug-2015  18:28:47.1 (GMT-06:00)","SYS",""
"641","Slot 1","Clearing","Cleared","Demodulator not locked","Wed 12-Aug-2015  18:28:47.3 (GMT-06:00)","SYS",""
"642","Slot 1","Raising","Warning","10-6 BER threshold exceeded","Wed 12-Aug-2015  18:28:48.7 (GMT-06:00)","SYS",""
"643","Slot 1","Clearing","Cleared","10-6 BER threshold exceeded","Wed 12-Aug-2015  18:28:57.7 (GMT-06:00)","SYS",""
"644","Slot 1","Raising","Warning","10-6 BER threshold exceeded","Sat 15-Aug-2015  23:09:14.6 (GMT-06:00)","SYS",""
"645","Slot 1","Clearing","Cleared","10-6 BER threshold exceeded","Sat 15-Aug-2015  23:09:23.6 (GMT-06:00)","SYS",""
"646","Slot 1","Raising","Warning","10-6 BER threshold exceeded","Mon 17-Aug-2015  18:04:22.6 (GMT-06:00)","SYS",""
"647","Slot 1","Clearing","Cleared","10-6 BER threshold exceeded","Mon 17-Aug-2015  18:04:32.6 (GMT-06:00)","SYS",""
"648","Slot 1","Raising","Warning","10-6 BER threshold exceeded","Tue 18-Aug-2015  20:27:22.6 (GMT-06:00)","SYS",""
"649","Slot 1","Clearing","Cleared","10-6 BER threshold exceeded","Tue 18-Aug-2015  20:27:31.6 (GMT-06:00)","SYS",""
"650","Slot 1","Raising","Major","Demodulator not locked","Thu 20-Aug-2015  04:18:09.0 (GMT-06:00)","SYS",""
"651","Slot 1","Clearing","Cleared","Demodulator not locked","Thu 20-Aug-2015  04:18:09.3 (GMT-06:00)","SYS",""
"652","Slot 1","Raising","Warning","10-6 BER threshold exceeded","Thu 20-Aug-2015  04:18:10.6 (GMT-06:00)","SYS",""
"653","Slot 1","Clearing","Cleared","10-6 BER threshold exceeded","Thu 20-Aug-2015  04:18:19.6 (GMT-06:00)","SYS",""
"654","Slot 1","Raising","Warning","10-6 BER threshold exceeded","Thu 20-Aug-2015  21:13:16.6 (GMT-06:00)","SYS",""
"655","Slot 1","Clearing","Cleared","10-6 BER threshold exceeded","Thu 20-Aug-2015  21:13:26.6 (GMT-06:00)","SYS",""
"656","Slot 1","Raising","Warning","10-6 BER threshold exceeded","Sat 22-Aug-2015  16:18:31.6 (GMT-06:00)","SYS",""
"657","Slot 1","Clearing","Cleared","10-6 BER threshold exceeded","Sat 22-Aug-2015  16:18:40.6 (GMT-06:00)","SYS",""
"658","Slot 1","Raising","Warning","10-6 BER threshold exceeded","Mon 24-Aug-2015  04:17:57.5 (GMT-06:00)","SYS",""
"659","Slot 1","Clearing","Cleared","10-6 BER threshold exceeded","Mon 24-Aug-2015  04:18:06.5 (GMT-06:00)","SYS",""
"660","Slot 1","Raising","Warning","10-6 BER threshold exceeded","Wed 26-Aug-2015  15:07:00.3 (GMT-06:00)","SYS",""
"661","Slot 1","Clearing","Cleared","10-6 BER threshold exceeded","Wed 26-Aug-2015  15:07:22.3 (GMT-06:00)","SYS",""
"662","Slot 1","Raising","Warning","ESR threshold exceeded","Wed 26-Aug-2015  15:07:44.3 (GMT-06:00)","SYS",""
"663","Slot 1","Clearing","Cleared","ESR threshold exceeded","Wed 26-Aug-2015  15:08:44.3 (GMT-06:00)","SYS",""
"664","Slot 1","Raising","Warning","10-6 BER threshold exceeded","Wed 26-Aug-2015  21:00:37.3 (GMT-06:00)","SYS",""
"665","Slot 1","Clearing","Cleared","10-6 BER threshold exceeded","Wed 26-Aug-2015  21:00:46.3 (GMT-06:00)","SYS",""